cover_img_1_1,create_time,is_pay_subscribe,is_read,item_show_type,itemidx,key,msgid,pos_num,title,tts_is_ban,url,user_read_status
http://mmbiz.qpic.cn/mmbiz/68JxwhxIxE3dKdKD6v073KsmDf9qjJ1kEzdibqEIQ5KwMwViaGgc4x3d6OcgMxA9KgMxibTzh9djdytTRBEjPtyGw/300,2015-11-07 19:56:06,0,0,0,1,3018206481_400378539_1,400378539,1,Nancy教你弹：一次就好,0,http://mp.weixin.qq.com/s?__biz=MzAxODIwNjQ4MQ==&mid=400378539&idx=1&sn=8e936305ba2fa718e1d44d5b354b7a46&chksm=09f030d53e87b9c3d087377183a78a0a576e47ad370f0dcfa490d0ea00f38030e76f3b11fccd#rd,0
http://mmbiz.qpic.cn/mmbiz/68JxwhxIxE38FuNGHuNhQ6EUYCDIejfsmcEK6F4ugkVjY8ooXRmp1BBSwBicfzBOnjFTdpe8tXOsqS53GjCroHA/300,2015-11-14 19:20:26,0,0,0,1,3018206481_400487865_1,400487865,2,Nancy教你弹吉他：See You Again,0,http://mp.weixin.qq.com/s?__biz=MzAxODIwNjQ4MQ==&mid=400487865&idx=1&sn=7569a7e68e8dd88411d459626284bab1&chksm=09f38fc73e8406d1a59ea014fdc18562d4e8b1e0853d63157f0e673792ea4dc3fec73f3a7b0a#rd,0
http://mmbiz.qpic.cn/mmbiz/68JxwhxIxE3zemC0mLytiaS2dDLtt69U9R1agcUXyWct7ia9J41GEfTWzKES6ZB1Qicpt2wtmiaqQicAL9B4SVKYbfw/300,2015-11-21 21:13:42,0,0,0,1,3018206481_400636104_1,400636104,3,Nancy教你弹吉他：我只在乎你,0,http://mp.weixin.qq.com/s?__biz=MzAxODIwNjQ4MQ==&mid=400636104&idx=1&sn=7ed29f8295487b9deb89945d9fb2a3d3&chksm=09cc42b63ebbcba0ba408fafeffd6e2d60e1bdbeddac83e6a9e2004ad78b98ec6f9d985d2a32#rd,0
http://mmbiz.qpic.cn/mmbiz/68JxwhxIxE3kpHxWlKRHrY8nSk4hcLdspEKja6MW11sfPM7F1L9v2ibt99kMTcicel7ZrbRt6C9Xzg9XUL2HSHBQ/300,2015-11-28 20:57:58,0,0,0,1,3018206481_400794395_1,400794395,4,Lost Stars 教学篇,0,http://mp.weixin.qq.com/s?__biz=MzAxODIwNjQ4MQ==&mid=400794395&idx=1&sn=b83c69103793c6de7c0d9f9843a636d4&chksm=09ced9653eb95073c35df8f3397a4f4e7243ee8b8935729527e8163dd91fd7588a1980aa2a3e#rd,0
http://mmbiz.qpic.cn/mmbiz/68JxwhxIxE1RARDzUia7auPicPQlC9jl3mMn96d4wKaDxTQjySdjEibDA06ibnU8iaEFoOjqUicO2ReCIJlbaLYwAgTw/300,2015-12-05 20:33:48,0,0,0,1,3018206481_400958241_1,400958241,5,欧兜拜 - 弹唱教学（吉他版）,0,http://mp.weixin.qq.com/s?__biz=MzAxODIwNjQ4MQ==&mid=400958241&idx=1&sn=9880e1607b8cc10951504f966298e97d&chksm=09cb595f3ebcd04920df49266473e400242686823288e86b16a63f4d5d7a505e49a75bc6f9fe#rd,0
http://mmbiz.qpic.cn/mmbiz/68JxwhxIxE2aicbyoDgWwiboywEol2OPjQQMugMz9ToFguXJia5fy4PzophU0AMa34A8fmpAGJVyj7U7icCqiaNdUsg/300,2015-12-12 21:20:10,0,0,0,1,3018206481_401128098_1,401128098,6,风中有朵雨做的云【教学&吉他谱】,0,http://mp.weixin.qq.com/s?__biz=MzAxODIwNjQ4MQ==&mid=401128098&idx=1&sn=a25c05f2b8250eb77c330ce5b15c0381&chksm=09c5c0dc3eb249ca57676358be09865fd8da14c49be380ac525f05bb356a446fb488e19fa4e2#rd,0
http://mmbiz.qpic.cn/mmbiz/68JxwhxIxE2qcicY1CqjfbutWGozYl88Tn7gwj9vGlCQRA4SAuibXRSciaiboFQvn3v7FhkAsIFnAf6yqiaA4pk1oSA/300,2015-12-20 19:55:36,0,0,0,1,3018206481_401413389_1,401413389,7,没有理想的人不伤心 - 吉他教学,0,http://mp.weixin.qq.com/s?__biz=MzAxODIwNjQ4MQ==&mid=401413389&idx=1&sn=2e8bdcdd0eb9f2ec9611349bcb7e2524&chksm=09c06f733eb7e66555c804c7e7a2c2407b8ea01b14e2216bfb630db6cfcfb8131985755cdb46#rd,0
http://mmbiz.qpic.cn/mmbiz/68JxwhxIxE3gmhnvG8XQR2CZ0TZHzNsy5ia0aMuXQ1z3Nic4gWArRlC9jWW7azaEtNKtVbK5CkzNNVv2QAWYGQ5Q/300,2015-12-30 20:27:32,0,0,0,1,3018206481_401665137_1,401665137,8,Nancy弹唱教学Winter Wonderland,0,http://mp.weixin.qq.com/s?__biz=MzAxODIwNjQ4MQ==&mid=401665137&idx=1&sn=6ed452b676bdcccdf6ff72607d6e51d6&chksm=09dd960f3eaa1f19acd3c4505fe80de11bc2832df817742a636bae5570e2a9ac7ec874f843a9#rd,0
http://mmbiz.qpic.cn/mmbiz/68JxwhxIxE2TJsq80HRnI9PFqFOZDOp56AxbwrxcflkjKRqsMHjgOtvOH5icWNfM8j2GexCG4emhIJ2YPbVib8pw/300,2016-01-02 20:51:12,0,0,0,1,3018206481_401716149_1,401716149,9,好想你 ~教学/吉他谱发布~,0,http://mp.weixin.qq.com/s?__biz=MzAxODIwNjQ4MQ==&mid=401716149&idx=1&sn=43c179499b732c8613908d1ee432235b&chksm=09dcc9cb3eab40dd47ad2b7f6750d2f7e1a45efe9aecc8dbde4f1be47d8c1afb568b964ea47c#rd,0
http://mmbiz.qpic.cn/mmbiz/68JxwhxIxE2uY6XfH2carYsCpJYWojNibPhKseAgC21GxA8X7nPrdUYfbOWPMo7IYq2ibWbmgj3c2QLVLGvtJ0Zw/300,2016-01-05 22:12:41,0,0,0,1,3018206481_401778217_1,401778217,10,欧兜拜 Nancy尤克里里教程,0,http://mp.weixin.qq.com/s?__biz=MzAxODIwNjQ4MQ==&mid=401778217&idx=1&sn=9ac715bcb431d2ff16e5509277abd2f1&chksm=09dfdc573ea8554193fabc6432a92770bc52b646d6f3c4f1ab54ebfb7f9762fc0438bd300db5#rd,0
http://mmbiz.qpic.cn/mmbiz/68JxwhxIxE0HHXx3EAUaqveLziaeZMwWcusumx6n2RyYhutGvXZVMNsqb4gLX96rVnGtb0GT349Y1llPavYN4rg/300,2016-01-10 20:05:11,0,0,0,1,3018206481_401856282_1,401856282,11,如同悲伤被下载两次 教学发布！,0,http://mp.weixin.qq.com/s?__biz=MzAxODIwNjQ4MQ==&mid=401856282&idx=1&sn=2440871fcfe276fa86f1de8c1427b340&chksm=09dead643ea924720e9663907b5adac7fef088f6889600efe05bca54bccf74bc04102671f7dc#rd,0
http://mmbiz.qpic.cn/mmbiz/68JxwhxIxE2x3HqQwjcYMscN7HuCibrtejJY43JTs9aTB4CeSVPCxerO3JKj4iauuPiboGR2kVM7pTHHZrKeLNw6A/300,2016-02-01 21:33:34,0,0,0,1,3018206481_402239084_1,402239084,12,Blank Space - 完整教学,0,http://mp.weixin.qq.com/s?__biz=MzAxODIwNjQ4MQ==&mid=402239084&idx=1&sn=bfc245226bcf6b1bcf4110c56ddcb659&chksm=09d4d4123ea35d04952d025ff53ca28b7fabe2adf1a88c34792bdca5fb92142ec89aedda22bb#rd,0
http://mmbiz.qpic.cn/mmbiz/68JxwhxIxE1SI2t45ypCYt24W9AD0KgpjBqYUWjEtPauJgwVSnnWGf3HZcwbZv7ZHbYnOFwurTtfFHbsCOiaBJg/300,2016-02-04 20:34:29,0,0,0,1,3018206481_402290368_1,402290368,13,董小姐骑着斑马去南山 - Nancy完整教程,0,http://mp.weixin.qq.com/s?__biz=MzAxODIwNjQ4MQ==&mid=402290368&idx=1&sn=e00bff916cbff5c189a0a7fb7554ab5c&chksm=09d70cbe3ea085a8cd5b53c7495f695eb03cf74980f5177138644d9b54032bd2ce4a03046cc9#rd,0
http://mmbiz.qpic.cn/mmbiz/68JxwhxIxE34rfk8HonDgYjzmDlmia4Ca0ceFh77vLBj2I2iaU9anxFXutBFX4dAeayMPySdvE3VVBRCrI934urQ/300,2016-02-05 20:09:22,0,0,0,1,3018206481_402301346_1,402301346,14,从前慢 - Nancy 完整教学,0,http://mp.weixin.qq.com/s?__biz=MzAxODIwNjQ4MQ==&mid=402301346&idx=1&sn=f03d74436d0572f54411449a8856be83&chksm=09d7dbdc3ea052caf7e48f317b7fd46173c73093c2026ec0f18f265d4fee212874ff1d1a365c#rd,0
http://mmbiz.qpic.cn/mmbiz/68JxwhxIxE3icHOrxqUr5jXgJlpXiasYQiaPuJfmmFSSVe5hENiaTocBSDpF2I26PficWVuXaOucibRs0XAXlber2KgQ/300,2016-02-13 14:11:15,0,0,0,1,3018206481_402369212_1,402369212,15,简单爱 - Nancy教你来表白,0,http://mp.weixin.qq.com/s?__biz=MzAxODIwNjQ4MQ==&mid=402369212&idx=1&sn=a74a9d228f5365fa66f9d939a86fa07a&chksm=09d6d0c23ea159d4a9d23462de84a7551e8e084ed003a678d0833c52082dc4c0d8a835afd991#rd,0
http://mmbiz.qpic.cn/mmbiz/68JxwhxIxE2jRtuickOvtMEsP8HXGiaoq7r9dteBS9majfbjRxeiaEbr6T8uyYas3PM5Xicm4LC8wyyZJv55PE8ISA/300,2016-02-23 21:36:17,0,0,0,1,3018206481_402536445_1,402536445,16,失落沙洲 - 完整教学,0,http://mp.weixin.qq.com/s?__biz=MzAxODIwNjQ4MQ==&mid=402536445&idx=1&sn=cf5dcf95f9165add31cd007646cdc15c&chksm=09d34d833ea4c4959d3f0cb182b0ba1260e6b739295350cfd1818065bbe2fff32fdc8b4ccb65#rd,0
http://mmbiz.qpic.cn/mmbiz/68JxwhxIxE1cYtJNNTmazmUPQia35ppNicWFNKAPqLOrU6djOLU7b2YEPibcaBh6UFvcotia0l8iaoibeVseHKXsibVHQ/300,2016-04-01 23:17:29,0,0,0,1,3018206481_403164728_1,403164728,17,Love Yourself 完整教学,0,http://mp.weixin.qq.com/s?__biz=MzAxODIwNjQ4MQ==&mid=403164728&idx=1&sn=b752e704c42ffcf14c33ffcd1b0f9e5f&chksm=062ab446315d3d500aedf5dab8e6a10521b61f81db3a37673ba44de0e32c128152436e08747a#rd,0
http://mmbiz.qpic.cn/mmbiz/68JxwhxIxE1HBCtyrY9I6AI7APx3eOxCeI2e2ibjJeibEot1BbnVuM9FwWHv3hpSCics4FY39mFhEsg66fibMM8BIg/300,2016-04-15 20:59:45,0,0,0,1,3018206481_2650648392_1,2650648392,18,遇见 - Nancy 完整教学,0,http://mp.weixin.qq.com/s?__biz=MzAxODIwNjQ4MQ==&mid=2650648392&idx=1&sn=5411869d59636973f3219c96a616b8e8&chksm=83d0d536b4a75c20a99c8ad97a7323792d03e6160f50af67243b98b551e5fdd2fe811b32ed36#rd,0
http://mmbiz.qpic.cn/mmbiz/68JxwhxIxE1pzrTAnnsY8SxgTomraS0icc68DlB6Z8Gqh3ncKqAhVPxibKZyNa817F0rwicf5xiaExOl80v01O2CbQ/300,2016-04-29 20:33:29,0,0,0,1,3018206481_2650648409_1,2650648409,19,致爱 Your Song - 鹿晗 - Nancy完整教学,0,http://mp.weixin.qq.com/s?__biz=MzAxODIwNjQ4MQ==&mid=2650648409&idx=1&sn=0ae9bc911ce88b1d000efa233304aa71&chksm=83d0d527b4a75c3141adade5892d9aeaf3cce1b5a382af13f188d37ddf318f2a544a0d9be15d#rd,0
http://mmbiz.qpic.cn/mmbiz/68JxwhxIxE0Eia5Avg4o921IJOeAlGOdsIicuXLtwbHLmS0pao7Abs6rxrwE5LBngibs2TU3xtm6bmz1FJhvCAibow/300,2016-05-12 19:59:59,0,0,0,1,3018206481_2650648426_1,2650648426,20,Hotline Bling - Nancy 完整教程,0,http://mp.weixin.qq.com/s?__biz=MzAxODIwNjQ4MQ==&mid=2650648426&idx=1&sn=0bf3cf78a62fcd2606bf00ea4d221cdb&chksm=83d0d514b4a75c02c6437294f82bc27ea16690d0c35ed6ef5a0a0d8de48489a17d516e989f9b#rd,0
http://mmbiz.qpic.cn/mmbiz/68JxwhxIxE3WN8rM2VXeFmNhbS2lDCo7wU3bUyK490Xsw95oNYX5rTBFeeyYF7zyTucbFZHsToEypCA78apvew/300,2016-05-27 20:26:16,0,0,0,1,3018206481_2650648461_1,2650648461,21,不痛 - Nancy全部教学,0,http://mp.weixin.qq.com/s?__biz=MzAxODIwNjQ4MQ==&mid=2650648461&idx=1&sn=a6978b33075b150e800269bee877cb82&chksm=83d0d5f3b4a75ce5def3200e414527f7e1e85008cee8d1f848038662ff6004bea4c40bbf1b86#rd,0
http://mmbiz.qpic.cn/mmbiz/68JxwhxIxE3dv3taWJztcq3N0baAWxKIzuWVNibtD1wpIsic2TyxLO31Gb8lDHkAP9T6n6mKPXcLzu5L62VGzsqw/300,2016-06-03 20:02:47,0,0,0,1,3018206481_2650648496_1,2650648496,22,七里香 - Nancy 完整教学,0,http://mp.weixin.qq.com/s?__biz=MzAxODIwNjQ4MQ==&mid=2650648496&idx=1&sn=9edef16634d5047e59a640a32737eacf&chksm=83d0d5ceb4a75cd83738e2a94d0454d9f7e08c7f62f1ee838424536c05bef0ac76ef53ef8990#rd,0
http://mmbiz.qpic.cn/mmbiz/68JxwhxIxE3L5SmTBJiamGXDQboOpibo3nYHBMW6kXHibGZjmkJpgT1KnibaCSHgTwGdCoIpUtuBEYiaNiaobYUjIdCA/300,2016-06-17 20:31:38,0,0,0,1,3018206481_2650648539_1,2650648539,23,Five Hundred Miles - Nancy吉他教程,0,http://mp.weixin.qq.com/s?__biz=MzAxODIwNjQ4MQ==&mid=2650648539&idx=1&sn=e855333e6289affe1ef6bbc136c382cd&chksm=83d0d5a5b4a75cb3baedc5729f956c3b59ce02ea726e783f234ede62aea1c3b04f51d1c70ef2#rd,0
http://mmbiz.qpic.cn/mmbiz/68JxwhxIxE3L5SmTBJiamGXDQboOpibo3nKYuIfTZ7CvXl4SsgziaS2bsvuzlqJk45wAKYJAMU5FmvKeqhXS4swtA/300,2016-06-24 20:14:57,0,0,0,1,3018206481_2650648542_1,2650648542,24,Five Hundred Miles - 特别篇-尤克里里教学,0,http://mp.weixin.qq.com/s?__biz=MzAxODIwNjQ4MQ==&mid=2650648542&idx=1&sn=593f6c5325c8cc5660d2d918747e6499&chksm=83d0d5a0b4a75cb616a90bb59dfe86578759aa302a8b97e33a80dffccb3cc25ded9dae9ff41a#rd,0
http://mmbiz.qpic.cn/mmbiz/68JxwhxIxE11zKVcQrxmB1niahVs96jFO0RA1O3bpMswYg0hicHlJQatPMbz4nNUFV8trToUDhhOyJJuZWOI0Wpw/300,2016-07-12 19:55:07,0,0,0,1,3018206481_2650648590_1,2650648590,25,七月上 - Nancy 完整教程,0,http://mp.weixin.qq.com/s?__biz=MzAxODIwNjQ4MQ==&mid=2650648590&idx=1&sn=d7c3d5fc3f4bd4c2ac5e23faff26cbf7&chksm=83d0ca70b4a7436609996f4b64e5b517dc549f3d932f5f1401d90948030b23d384a6bd582fcf#rd,0
http://mmbiz.qpic.cn/mmbiz/68JxwhxIxE3vFzJ6bYOicCbGPPKdk5w1miaaYfBenuw8O3tpfiaCGBgIEY6L12WYf5XTaNZ7jB2BMExRhiaiaVd9cww/300,2016-07-22 20:00:01,0,0,0,1,3018206481_2650648617_1,2650648617,26,会有那么一天 - Nancy 完整教学,0,http://mp.weixin.qq.com/s?__biz=MzAxODIwNjQ4MQ==&mid=2650648617&idx=1&sn=2b6f951e36f397b304ddac871cec1fcb&chksm=83d0ca57b4a743417d1c6dfd840a505721a5094fa43ea536d15128c27febbdc3de5554ce6043#rd,0
http://mmbiz.qpic.cn/mmbiz/68JxwhxIxE23XgYUzJhS7U5zcEhqI1RiciaEGN3wQd6D48YbTsPiahCLzzsibx1URRugKGTRHC3rQ9nsFs8G88NHuQ/300,2016-07-26 21:44:04,0,0,0,1,3018206481_2650648621_1,2650648621,27,Five Hundred Miles - 填坑 -吉他前奏部分,0,http://mp.weixin.qq.com/s?__biz=MzAxODIwNjQ4MQ==&mid=2650648621&idx=1&sn=88e2f4792004151a55425de401ed5cf7&chksm=83d0ca53b4a7434549415bb4196ba7b1eb06bcd414b6b13dcc5b56befadc5e7668d300ebca10#rd,0
http://mmbiz.qpic.cn/mmbiz/68JxwhxIxE1lsbLxkibAWr3INia7tZqS83LV6CiafVLenRj08vjjMOO921jQ0cHkguS6I4l1cjyxAsovp9guzicXIw/300,2016-08-05 20:03:20,0,0,0,1,3018206481_2650648649_1,2650648649,28,种种 - 陈粒 - Nancy 吉他教程,0,http://mp.weixin.qq.com/s?__biz=MzAxODIwNjQ4MQ==&mid=2650648649&idx=1&sn=a04f9c4c1036f104cb9df1943b5e742a&chksm=83d0ca37b4a74321ab613da57ad81d48b1788424fc2234234a76dd8ad2960bf913f1d0c85ae3#rd,0
http://mmbiz.qpic.cn/mmbiz/68JxwhxIxE2xIWib9hqy40KHjs4fDX8xcBtDVvt4nGoWA9hsLiayyDttLjEyhGp4qkYEdRRAuAtEn3sjwn3khXRg/300,2016-08-12 21:11:22,0,0,0,1,3018206481_2650648661_1,2650648661,29,Try - Asher Book - Nancy 吉他弹唱教学,0,http://mp.weixin.qq.com/s?__biz=MzAxODIwNjQ4MQ==&mid=2650648661&idx=1&sn=48b9723c822dd5a92f047df4b3850516&chksm=83d0ca2bb4a7433d772bc8a7836bb1701663c2652e6b52421363533eb2441f1f507fd16f785d#rd,0
http://mmbiz.qpic.cn/mmbiz_jpg/68JxwhxIxE0a6QT8nia2vpO1DmkM5uzib9y8EPJhEPMRzpf03rd2piaTpH4ZnpLEDYicql10ias41IYLHLzET1mk0zw/300,2016-08-26 19:55:23,0,0,0,1,3018206481_2650648675_1,2650648675,30,House of Gold-Twenty One Pilots-Nancy吉他教学,0,http://mp.weixin.qq.com/s?__biz=MzAxODIwNjQ4MQ==&mid=2650648675&idx=1&sn=cdfd4f9d9cdc10e283288d75cd0073f2&chksm=83d0ca1db4a7430b65b215a7afae77090b187d55b7661d7d5455d77c4aef59d32c94615c8c0f#rd,0
http://mmbiz.qpic.cn/mmbiz_jpg/68JxwhxIxE3y1icr9gGzYSkAibbic1SWFhrTF6KnZkIG1SKu4DeJ4NfVCLvt9HRMAxuicxFWEBIBqPQMgUdhyOQ8BA/300,2016-09-09 19:57:12,0,0,0,1,3018206481_2650648704_1,2650648704,31,原谅 - Nancy吉他教学,0,http://mp.weixin.qq.com/s?__biz=MzAxODIwNjQ4MQ==&mid=2650648704&idx=1&sn=a5e463e2721ef96c773212528bac724a&chksm=83d0cafeb4a743e8713cf37b07cd4329f2c95cffe8e830dd56699da1fd812d8a6dc62493baa3#rd,0
http://mmbiz.qpic.cn/mmbiz_jpg/68JxwhxIxE0CiaAgL0a309icxlBbSicoicfvDeTFACwXFr37MgRabTic90sEsRFibTxX5qbcCRIOGMuzicltcr5G0ibdtA/300,2016-09-23 19:56:27,0,0,0,1,3018206481_2650648719_1,2650648719,32,贝加尔湖畔 - Nancy 吉他弹唱教学,0,http://mp.weixin.qq.com/s?__biz=MzAxODIwNjQ4MQ==&mid=2650648719&idx=1&sn=67b5596b574b561715324b99020a4d6e&chksm=83d0caf1b4a743e777f523f6bba0226068c87b6a7a1318f75f9bb737e5e2c8da6d36d3a9185b#rd,0
http://mmbiz.qpic.cn/mmbiz_jpg/68JxwhxIxE0LSZqne3aiaibtqPHhlMfOmV2fUq5ib9g7zB0VfB9343u2Hgyxkw3boRzHMnMHLuKRCIAKGROGfuYPg/300,2016-10-07 19:56:06,0,0,0,1,3018206481_2650648738_1,2650648738,33,你飞到城市另一边 - Nancy吉他弹唱教学,0,http://mp.weixin.qq.com/s?__biz=MzAxODIwNjQ4MQ==&mid=2650648738&idx=1&sn=ae429c322660036583a49ff6bb69c2a6&chksm=83d0cadcb4a743cab7e781f772677c8c6d9b41d32ae4b57a93083af08c33097f0f38f5e42536#rd,0
http://mmbiz.qpic.cn/mmbiz_jpg/68JxwhxIxE1nzmO16EmSibrFusV3UeMyfCJM6rJcuVWkeIxqwpgDMT1sf51NbXb6ZbiaEOwiarvD0e9PJ6cHF3F9g/300,2016-10-28 19:55:47,0,0,0,1,3018206481_2650648760_1,2650648760,34,Knockin' On Heaven's Door - Nancy 吉他教学,0,http://mp.weixin.qq.com/s?__biz=MzAxODIwNjQ4MQ==&mid=2650648760&idx=1&sn=55fc16fbc1c9a8f842c17cb7ce9e1bd9&chksm=83d0cac6b4a743d04088daf5f4b2eb9b94990613d224a1a8d5a40fddf07205b8aecdfe13147f#rd,0
http://mmbiz.qpic.cn/mmbiz_jpg/68JxwhxIxE0SgQWlmgtZVGZQiaB5QkoqiamtEOe3NXup9zvHpicBuOxR7DvoY1YnHpMToRV3WicsOeYgjlCRlZibiaOA/300,2016-11-11 20:47:04,0,0,0,1,3018206481_2650648767_1,2650648767,35,演员 - Nancy Cover 吉他完整教学,0,http://mp.weixin.qq.com/s?__biz=MzAxODIwNjQ4MQ==&mid=2650648767&idx=1&sn=ee0efdae31a3b736d6053dd30957628f&chksm=83d0cac1b4a743d7d9c0c56abd65d704fb4bcc905fcdf76b7a063f6122d3303c219d722eb459#rd,0
http://mmbiz.qpic.cn/mmbiz_jpg/68JxwhxIxE1W2pvubfqSWbkfWrSzndalTaz3gzzp2cPEHhykf9vNH5ljRhkJiciaqibt5nbka4DhLGR05tRTK7ofw/300,2016-11-25 19:55:54,0,0,0,1,3018206481_2650648778_1,2650648778,36,荒岛 - Nancy弹唱教学,0,http://mp.weixin.qq.com/s?__biz=MzAxODIwNjQ4MQ==&mid=2650648778&idx=1&sn=caffa8c2c5c6f6fb0f4144a70e776d45&chksm=83d0cab4b4a743a25a85c8be1ba3d71d23d952a1872112f4eee2f626ac5825dca94c63416f69#rd,0
http://mmbiz.qpic.cn/mmbiz_jpg/68JxwhxIxE0QAdQ3WyQ5LzLn1kJUGPbr78VC9NMPbYK6VteF85Gz0ibKRI6ChLWrNicRl5ymkOopYWZqqPELO8sg/300,2016-12-09 19:56:59,0,0,0,1,3018206481_2650648815_1,2650648815,37,告白气球 Nancy吉他教学,0,http://mp.weixin.qq.com/s?__biz=MzAxODIwNjQ4MQ==&mid=2650648815&idx=1&sn=858748d4242c00ed17c6543c29e709df&chksm=83d0ca91b4a743872f8a94673c9dc6eee8fcda50bc67291a4a33a69ff03b9bcda7c45ca3d88a#rd,0
http://mmbiz.qpic.cn/mmbiz_jpg/68JxwhxIxE3ldJLwZt2Michgb2aZKO4k20trWxSK8kNVJXfOf5NPNiaqSNSRiaDWRhEvIicclje9c5wd0ib4mvxdNbg/300,2016-12-16 19:55:49,0,0,0,1,3018206481_2650648821_1,2650648821,38,Winter Wonderland-尤克里里版本,0,http://mp.weixin.qq.com/s?__biz=MzAxODIwNjQ4MQ==&mid=2650648821&idx=1&sn=64cd827fb68c5d798e73a23649d0e902&chksm=83d0ca8bb4a7439dcf717f483fdaf539f6bf84ffa80c586adabb330aad9068dfbbef382d140e#rd,0
http://mmbiz.qpic.cn/mmbiz_jpg/68JxwhxIxE0Hvsib9GxjB4M4f9uQeu9j2OLo9RVf9KJIibia0wyr69s712UZtIQoSSyYiams4rbul47fDcGetD4FNg/300,2016-12-20 19:56:03,0,0,0,1,3018206481_2650648825_1,2650648825,39,告白气球 - Nancy尤克里里教学,0,http://mp.weixin.qq.com/s?__biz=MzAxODIwNjQ4MQ==&mid=2650648825&idx=1&sn=37913474566ab74cab557a4ed9a214ed&chksm=83d0ca87b4a74391af153e621b5e36347f997008eb571a468e0069100121f6f98d5a8f2b7be7#rd,0
http://mmbiz.qpic.cn/mmbiz_jpg/68JxwhxIxE0YUYCicDkA8C4PEr0ubQv0Gsfo9JIVcXE7FLXLUUydfBhZcdnKWxNul0furBS6va2jkJBoelOFkLw/300,2016-12-30 19:56:12,0,0,0,1,3018206481_2650648834_1,2650648834,40,Moon River - Nancy吉他教学,0,http://mp.weixin.qq.com/s?__biz=MzAxODIwNjQ4MQ==&mid=2650648834&idx=1&sn=281fea9756f888c71b2d09e315ced40c&chksm=83d0cb7cb4a7426ad389aa9e7c666aa5c73c46d75260b0c369cf6c7bbdd86d9cda16550fb190#rd,0
http://mmbiz.qpic.cn/mmbiz_jpg/68JxwhxIxE1HNw3jVy9vQP7WWERYdbddkujWHnRKQekZUKqsqdTB9OJrlR8AwIlR9yAy1MkVVeRNJG6gq1tUDg/300,2017-01-13 19:56:15,0,0,0,1,3018206481_2650648843_1,2650648843,41,我要你 - Nancy吉他翻唱,0,http://mp.weixin.qq.com/s?__biz=MzAxODIwNjQ4MQ==&mid=2650648843&idx=1&sn=8c17022a86b7600d743fa50cec24bfea&chksm=83d0cb75b4a74263303faa5ad51e163f5b1641e2e3c9b68207a196e29a9f69e3b68d4558956b#rd,0
http://mmbiz.qpic.cn/mmbiz_jpg/68JxwhxIxE0nJ2NEXD28lvHeqBeG50dAHdfYNsmakYZjkZVOmSib7MDDTDpHkMNibHuKIoUP5Pr8IHhgCS7OFv2g/300,2017-01-20 19:57:46,0,0,0,1,3018206481_2650648873_1,2650648873,42,我要你 - Nancy吉他教学,0,http://mp.weixin.qq.com/s?__biz=MzAxODIwNjQ4MQ==&mid=2650648873&idx=1&sn=8b60586a36ebba7c5aa2d4b36331a639&chksm=83d0cb57b4a74241f006a4105a526d6bc21911d2338e93b94432570b2743d77e02308a83aaa5#rd,0
http://mmbiz.qpic.cn/mmbiz_jpg/68JxwhxIxE3RmFKnb5VVhLZBiadDBfr22m2NcTKYBrHfLsiaIn9q02xGcqIeQf1R0wk3eAugOLZmHgvicSFCMnHCw/300,2017-02-03 19:55:32,0,0,0,1,3018206481_2650648894_1,2650648894,43,Lucky - Nancy完整教学,0,http://mp.weixin.qq.com/s?__biz=MzAxODIwNjQ4MQ==&mid=2650648894&idx=1&sn=538e5f626eade3002ca12d5892765c54&chksm=83d0cb40b4a74256c37f10a53e93ea8561bf9d668c498ecc2a3e890a9ddf5dffcaf1d84e187e#rd,0
http://mmbiz.qpic.cn/mmbiz_jpg/68JxwhxIxE0RviczmAGBqpyEqiauUmQKUuIicEgS49nUon42JOs0ib7FibL5IFpU91kzyHkWia5xHS3RkSrHIWtgxuiaQ/300,2017-02-11 20:12:16,0,0,0,1,3018206481_2650648904_1,2650648904,44,成都-赵雷-Nancy吉他翻唱,0,http://mp.weixin.qq.com/s?__biz=MzAxODIwNjQ4MQ==&mid=2650648904&idx=1&sn=83854c714e9f882317e3881aedfade6a&chksm=83d0cb36b4a742204296017cb1ca410b2896c667b0f0ff62554defae08f463489d9674c8ef37#rd,0
http://mmbiz.qpic.cn/mmbiz_jpg/68JxwhxIxE3b5xM2PahZ1AvaRaegwYqQ0395icC8FgFaJXOxZOrU18FfbzNN8rUus2UyjvOHsT8ErYJPmQELwbQ/300,2017-02-24 20:10:31,0,0,0,1,3018206481_2650648918_1,2650648918,45,City Of Stars - Nancy吉他教学,0,http://mp.weixin.qq.com/s?__biz=MzAxODIwNjQ4MQ==&mid=2650648918&idx=1&sn=2d04f6e8d6e642a4396319dec277a776&chksm=83d0cb28b4a7423e9983619c62b7d93f1b368dfed7d2255787a96034ec06b86bbe65d2695aae#rd,0
http://mmbiz.qpic.cn/mmbiz_jpg/68JxwhxIxE2s6uTCua5EPu5Oa0ibCJXvnVw0zMoaWw4ibPuIygfXUu44Sob7oGNruOSciaemHGYRXvTjc5S7PsK5w/300,2017-03-03 19:56:53,0,0,0,1,3018206481_2650648923_1,2650648923,46,我要你 - Nancy的尤克里里教学,0,http://mp.weixin.qq.com/s?__biz=MzAxODIwNjQ4MQ==&mid=2650648923&idx=1&sn=2a9aa06a8c220f4b1c564aee1ddf5ec4&chksm=83d0cb25b4a7423397c4f5b95b1cb5ff13430cc29e3ec7dea8dad3167dd3281c57f72a366258#rd,0
http://mmbiz.qpic.cn/mmbiz_jpg/68JxwhxIxE2oUibicJuxgSra7HcvXNA6MMxdrmlibquLSiaQb4MREEACxmTPJ7zsXfTX67tibA8gN6XBrN6DagUycvg/300,2017-03-17 20:35:08,0,0,0,1,3018206481_2650648934_1,2650648934,47,预谋邂逅 - Nancy吉他教学,0,http://mp.weixin.qq.com/s?__biz=MzAxODIwNjQ4MQ==&mid=2650648934&idx=1&sn=fd69c73e3cae548c1e2b177ee750d15f&chksm=83d0cb18b4a7420ea5a3b2eb5878c1425effe645e3d82d67910dfb4ddbafb6e169a03f406cf9#rd,0
http://mmbiz.qpic.cn/mmbiz_jpg/68JxwhxIxE2pibr935M9ia3XWZz6r5ia9sPFOYxFtWHG7iaeUhclHhxgcAfpauMso3HDcOB9hzSp25OlLFCicNy5YibA/300,2017-04-07 19:59:49,0,0,0,1,3018206481_2650648956_1,2650648956,48,Closer - 吉他教学,0,http://mp.weixin.qq.com/s?__biz=MzAxODIwNjQ4MQ==&mid=2650648956&idx=1&sn=5375500a2e6a83e2733a45fb6228eb1b&chksm=83d0cb02b4a742142827e5aac1abded4cc33492553301ad1a4b92e6bf6fb2836e9a98d54c4be#rd,0
http://mmbiz.qpic.cn/mmbiz_jpg/68JxwhxIxE1WgIad3GAOXUwnBqZIloRY5Z6GFghK7mQVrnYaxnvGgOrIFwWYuicpUXAf2Yd4HT4vMcMMgNzhXew/300,2017-04-22 19:56:11,0,0,0,1,3018206481_2650648972_1,2650648972,49,小情歌 - Nancy弹唱完整教程,0,http://mp.weixin.qq.com/s?__biz=MzAxODIwNjQ4MQ==&mid=2650648972&idx=1&sn=79925c374e24303bc5b68b9b5f4f3c86&chksm=83d0cbf2b4a742e4e6843e952a3bb6ee0af20205c4bfef670426db8a17a42a92cbf68b500ac7#rd,0
http://mmbiz.qpic.cn/mmbiz_jpg/68JxwhxIxE23icbL0YHCcFaDic8dqg7oI6GQwOlfCUxy8tVzhnkRSeV7q4LABS4MJTgPjeRcvqdpPwq64yibbVCEg/300,2017-05-05 20:21:19,0,0,0,1,3018206481_2650648980_1,2650648980,50,礼物 - Nancy吉他教学,0,http://mp.weixin.qq.com/s?__biz=MzAxODIwNjQ4MQ==&mid=2650648980&idx=1&sn=bddc2b43a546c9decc4a830a9ecc4221&chksm=83d0cbeab4a742fca0ca374faf94043081599df5b4fe71f5aeec2e2de6c3c3f5f1bcf1b0e419#rd,0
http://mmbiz.qpic.cn/mmbiz_jpg/68JxwhxIxE0TLKGjvUE1w52YesBsHY9sPN1KQ0oHiaI3fQMibzIN2stiawgAicE37agUUAohHb7SKb7OBeId31Wjyw/300,2017-05-19 19:56:58,0,0,0,1,3018206481_2650648994_1,2650648994,51,分裂 - Nancy吉他弹唱,0,http://mp.weixin.qq.com/s?__biz=MzAxODIwNjQ4MQ==&mid=2650648994&idx=1&sn=689fc6036582282369e4ddb2173eabd2&chksm=83d0cbdcb4a742ca1f61a3939b3dfd825a9bbbd64003df0e5c0cdd01e1c8dfc6c7c786a0504d#rd,0
http://mmbiz.qpic.cn/mmbiz_jpg/68JxwhxIxE3eA82YQY2owRe38zLtdWobL2I7HAEV6NBlCNqAQIBcfNa8JIJTeibbQKWEiaudFFJaNA6icIiarliaAfg/300,2017-06-03 20:09:24,0,0,0,1,3018206481_2650649007_1,2650649007,52,我喜欢上你时的内心活动 陈绮贞 - Nancy吉他弹唱教学,0,http://mp.weixin.qq.com/s?__biz=MzAxODIwNjQ4MQ==&mid=2650649007&idx=1&sn=865a42b93e28e3068d510d2354848056&chksm=83d0cbd1b4a742c79488a182a80386bb489c112d13af58b83f934f510095f954824ed666094f#rd,0
http://mmbiz.qpic.cn/mmbiz_jpg/68JxwhxIxE0dRYYD22XqMMia6AB2FfBk3AIicdpMmrveGyRYMpDN8BOn7aOBw24DHUeWiayWo5ANq1iaCiaHcbvia7LA/300,2017-06-16 20:20:17,0,0,0,1,3018206481_2650649018_1,2650649018,53,我害怕 - Nancy吉他弹唱完整教学,0,http://mp.weixin.qq.com/s?__biz=MzAxODIwNjQ4MQ==&mid=2650649018&idx=1&sn=c0ff97a080049719b6fb727a6bc05389&chksm=83d0cbc4b4a742d21b2981e4237d5de99385dd80667f120d19bf0b320e2cbc2136bfdefc607b#rd,0
http://mmbiz.qpic.cn/mmbiz_jpg/68JxwhxIxE1SDElXQHX8a0YasiaXiasj4GqzqjDbJiaNO4AZ2OYjVicPrWMwJibGa7mJxTE6IF2BhyHPN9iay6MU5vRQ/300,2017-07-08 19:53:44,0,0,0,1,3018206481_2650649029_1,2650649029,54,致姗姗来迟的你 - Nancy吉他教学,0,http://mp.weixin.qq.com/s?__biz=MzAxODIwNjQ4MQ==&mid=2650649029&idx=1&sn=a7d3f17f1c8a3a6b22b6fdb5634aba83&chksm=83d0cbbbb4a742ad8c208e9d59197000beb8e2e16d1fee2df25de1940cfb63a49f98141d4b52#rd,0
http://mmbiz.qpic.cn/mmbiz_jpg/68JxwhxIxE0WBzlUXPjwic0Na32xp1Wicia0LlYWYJtnficMMs8jvia0rZR4XvORiaT3KwunatqvhCYZ4iclx6JerRxNg/300,2017-07-28 19:57:00,0,0,0,1,3018206481_2650649041_1,2650649041,55,致姗姗来迟的你 - 尤克里里教程,0,http://mp.weixin.qq.com/s?__biz=MzAxODIwNjQ4MQ==&mid=2650649041&idx=1&sn=67ee3804a8348030194bc49e59cab728&chksm=83d0cbafb4a742b9be7a4ac9883f7438b1d071a8bc54777184282132462395bbeb58ce12119f#rd,0
http://mmbiz.qpic.cn/mmbiz_jpg/68JxwhxIxE1kmZ39TibYicFoA6AxicTaxWPwD1Fnzmzmb6smPVic84TuczYTOHQ3MYMjuCacLAzRqNbrE8be3JejMQ/300,2017-08-04 19:50:00,0,0,0,1,3018206481_2650649052_1,2650649052,56,借我 谢春花 - Nancy吉他教学,0,http://mp.weixin.qq.com/s?__biz=MzAxODIwNjQ4MQ==&mid=2650649052&idx=1&sn=2c9418603ed7931a13bfd19e3d157910&chksm=83d0cba2b4a742b4cf88fdb1830421e3888359224530a9dc3efc3db78dc06d0c3953991cd8c2#rd,0
http://mmbiz.qpic.cn/mmbiz_jpg/68JxwhxIxE0ZBneCYWetWXeH5Ya1SL1zR1tPXnMDy0Q9gZnhea5sAnJfqOYqVxqfic88bEGhrCyfZQVp0OUicsQg/300,2017-08-20 19:47:00,0,0,0,1,3018206481_2650649063_1,2650649063,57,あいうえお - 学日语的Nancy的吉他教学,0,http://mp.weixin.qq.com/s?__biz=MzAxODIwNjQ4MQ==&mid=2650649063&idx=1&sn=02fc28a8437bcc0079491ce9386bf142&chksm=83d0cb99b4a7428f56559c065f97fcba8191496b6ee8ff1c20a2b175275395557ec6f4d64e99#rd,0
http://mmbiz.qpic.cn/mmbiz_jpg/68JxwhxIxE3bbEbWSu8GrfQushPfGejicdVz26WewDUfDklG1vAXSiatYZsJ4HTROdgVsgcWJm9VCnIrS103lg9g/300,2017-09-08 19:59:21,0,0,0,1,3018206481_2650649082_1,2650649082,58,Shape of You - Nancy完整教学,0,http://mp.weixin.qq.com/s?__biz=MzAxODIwNjQ4MQ==&mid=2650649082&idx=1&sn=fab57be17982b2d616752b66b9ad9421&chksm=83d0cb84b4a7429204d412fb7abd09249dcaabcfe36773db53beafe8c6889911aa83d8110bb2#rd,0
http://mmbiz.qpic.cn/mmbiz_jpg/68JxwhxIxE1IDUULoaP8iblaCia9eIyntKTOPaPZunluqvf0IJ5Qku24t1cx3wEuEa4qG7kHxiapFqiag1znhLofHA/300,2017-09-22 19:57:00,0,0,0,1,3018206481_2650649102_1,2650649102,59,红色高跟鞋 - Nancy吉他完整教学,0,http://mp.weixin.qq.com/s?__biz=MzAxODIwNjQ4MQ==&mid=2650649102&idx=1&sn=d5a2363d65e31214b6c4acdad9ce7ce0&chksm=83d0c870b4a74166b55a16a29eb1ea6cf8bf7f4a683da38b283f7de6eec88f92c8cc4676ddc0#rd,0
http://mmbiz.qpic.cn/mmbiz_jpg/68JxwhxIxE1r9ia9FCU2Ytl5y6Zqeeu8xHWYrffx5dAUapGvfACntn4BbEdZqnbVSPpS0dKZnnBggrwekjvXCRA/300,2017-10-06 21:36:36,0,0,0,1,3018206481_2650649145_1,2650649145,60,Look What You Made Me Do -Nancy完整教学,0,http://mp.weixin.qq.com/s?__biz=MzAxODIwNjQ4MQ==&mid=2650649145&idx=1&sn=0eea6871c73aea54c23b59e0d21a5a3a&chksm=83d0c847b4a741513c7ca41f4c0d38a0278f6308cd457ad39e37d5da29f59b3ca405844f47f0#rd,0
http://mmbiz.qpic.cn/mmbiz_jpg/68JxwhxIxE2F3JqJUJbGLOVmJbdiapQAAfYNRBy8NrnajkXtoF2Y4bunWsCic1DqTKEVdEx8wGkJQibfG46iacWibGQ/300,2017-10-20 19:57:00,0,0,0,1,3018206481_2650649168_1,2650649168,61,外面的世界 - Nancy吉他完整教学,0,http://mp.weixin.qq.com/s?__biz=MzAxODIwNjQ4MQ==&mid=2650649168&idx=1&sn=4cddb0763064cb9b1997ec70f479476e&chksm=83d0c82eb4a74138e76f422b6f602a68f1f1bebba8eaa29d16319311ec7857a3d0bffaea7be7#rd,0
http://mmbiz.qpic.cn/mmbiz_jpg/68JxwhxIxE0DFSehpze7B1nUEGibsnsumSmP2ggIic37nMFZjPibSnlvpA5iaw0Z6MYGkKickAic8Sw4l0ZmUbphDIibg/300,2017-11-03 19:57:00,0,0,0,1,3018206481_2650649187_1,2650649187,62,理想三旬 - Nancy吉他完整教学,0,http://mp.weixin.qq.com/s?__biz=MzAxODIwNjQ4MQ==&mid=2650649187&idx=1&sn=fc40b51ef4e6a826a337fb8b885d0a87&chksm=83d0c81db4a7410b06c5a1a0c4766cc743baa8dd4a67a2ab16388763c2124f8a5f2a64ff9ef8#rd,0
http://mmbiz.qpic.cn/mmbiz_jpg/68JxwhxIxE2cFcJYGpDHPibSVOvI3UveaXlZ99NkibO9fibubXx0boUYicsico3VVy1oNUuTiaIWOFOxgIialrNXqqCQA/300,2017-11-17 20:56:23,0,0,0,1,3018206481_2650649201_1,2650649201,63,说爱你 - Nancy吉他弹唱完整教学,0,http://mp.weixin.qq.com/s?__biz=MzAxODIwNjQ4MQ==&mid=2650649201&idx=1&sn=8f5d5d3286030e0bac7093073891bf82&chksm=83d0c80fb4a74119c53c4f867c4dfae538536c31bea357003d19ff61f04cd4dc2666dae906c9#rd,0
http://mmbiz.qpic.cn/mmbiz_jpg/68JxwhxIxE0Zzibw0qYia05fqsfny77ddOIZCLiaJZAqm2ouOcq2xEfjVtQHwfnpl9SNrJTsvwvZCEvvDvoOOq5lg/300,2017-12-01 19:57:00,0,0,0,1,3018206481_2650649217_1,2650649217,64,骆驼 - 薛之谦 ~ Nancy吉他弹唱完整教学,0,http://mp.weixin.qq.com/s?__biz=MzAxODIwNjQ4MQ==&mid=2650649217&idx=1&sn=dab2f28da2cdd56a056f72351e948885&chksm=83d0c8ffb4a741e9137edb3c3349204d1802bc5a4805308550218e94fa9c6ac524073ec80231#rd,0
http://mmbiz.qpic.cn/mmbiz_jpg/68JxwhxIxE2vcSWuYDLpBibPXeqmv5CLZ9Z0icO1Pt0YJaCSgqQkeBgZDsN0klzLu8zrPQqZ5siaeu6a63xGFsUSg/300,2017-12-15 21:41:15,0,0,0,1,3018206481_2650649235_1,2650649235,65,Remember Me 《寻梦环游记》 吉他完整教学,0,http://mp.weixin.qq.com/s?__biz=MzAxODIwNjQ4MQ==&mid=2650649235&idx=1&sn=87cb9645bb589422c93e58cdee6db1e0&chksm=83d0c8edb4a741fb8054071cf69808fca03ccadcaf6250de71843a901c130da3520336c13277#rd,0
http://mmbiz.qpic.cn/mmbiz_jpg/68JxwhxIxE16Km7BhPX856ySdibb1ZQEFcd4wNOPQsL7sQaeYmYia0rHGoElywqia6ic6q2PiaPicwR0nujT77CeMbdQ/300,2017-12-29 19:58:00,0,0,0,1,3018206481_2650649298_1,2650649298,66,爱你 - 王心凌 - Nancy吉他弹唱完整教学,0,http://mp.weixin.qq.com/s?__biz=MzAxODIwNjQ4MQ==&mid=2650649298&idx=1&sn=9634ec6510cc1231de23012fdb428154&chksm=83d0c8acb4a741baa8442574d745657ea53ebab7a6a59d35314c49ca3fac72608f53fe251a71#rd,0
http://mmbiz.qpic.cn/mmbiz_jpg/68JxwhxIxE0SH0WaP7eyIsrQAGyK6sU4wEXgmxNrP9X0ZRwiaNVukPswpf4YDibWetTBnzCNDGcd3ny20LdkSJ2Q/300,2018-01-05 19:57:00,0,0,0,1,3018206481_2650649305_1,2650649305,67,Nancy教你用尤克里里弹《爱你》,0,http://mp.weixin.qq.com/s?__biz=MzAxODIwNjQ4MQ==&mid=2650649305&idx=1&sn=f1b1fd78f85f67405935e3b698dbd2c6&chksm=83d0c8a7b4a741b148a3e306c73e0bf4b9485eca5e3f834738b06a9abcc2c3190d7ef063d716#rd,0
http://mmbiz.qpic.cn/mmbiz_jpg/68JxwhxIxE0T87Zy3cVpJefQjXYIA5ibqhq8je3czqYSEgTd0n17iagffoEE4B5sNcpwkbK5zIfbYe7eTSKvQTKg/300,2018-01-27 11:58:00,0,0,0,1,3018206481_2650649326_1,2650649326,68,The Rose - 吉他弹唱完整教学,0,http://mp.weixin.qq.com/s?__biz=MzAxODIwNjQ4MQ==&mid=2650649326&idx=1&sn=5e58056a76801433531e0e5dfa57bfdb&chksm=83d0c890b4a741866131ada5147b310fd480d69609e10059687b12aa239c4912143a0f891f98#rd,0
http://mmbiz.qpic.cn/mmbiz_jpg/68JxwhxIxE07R9Cq5ybicrDxA95wgcU5LSDVSbPNscNT2RfVrxBjwxKspBegGRXq32GiawZC8icGsdniclrZYwcQtg/300,2018-02-09 20:56:05,0,0,0,1,3018206481_2650649346_1,2650649346,69,说散就散 - Nancy弹唱教学,0,http://mp.weixin.qq.com/s?__biz=MzAxODIwNjQ4MQ==&mid=2650649346&idx=1&sn=f537ec6df679ad26518edd4f9df2f1ad&chksm=83d0c97cb4a7406a33976dce8cf64307ceedb21952dbb08f2fad337417548784fde46d22d74d#rd,0
http://mmbiz.qpic.cn/mmbiz_jpg/68JxwhxIxE0nlosWPzAN7pORRNN6xW32oAUjQGsWf0X29kZ1muYJ5x0YokewRfh0Zu0rjx8gCZQgxxxib7vmibFg/300,2018-03-02 19:50:00,0,0,0,1,3018206481_2650649400_1,2650649400,70,HAVANA -Nancy吉他弹唱教学,0,http://mp.weixin.qq.com/s?__biz=MzAxODIwNjQ4MQ==&mid=2650649400&idx=1&sn=df917c2e19ff9d955f4579533b0cde5e&chksm=83d0c946b4a74050efcab128baf5902093d8afc5266829ab33bad0641f338022098fefc32ebe#rd,0
http://mmbiz.qpic.cn/mmbiz_jpg/68JxwhxIxE2196sMFr7dKHLB2kRg2DLicPib40EOvdyuLIz7viakfDSh7avcMGLEiajeBmA5zppIUeASpGzGHP37ug/300,2018-03-16 18:55:39,0,0,0,1,3018206481_2650649420_1,2650649420,71,美好事物 - Nancy吉他弹唱教学,0,http://mp.weixin.qq.com/s?__biz=MzAxODIwNjQ4MQ==&mid=2650649420&idx=1&sn=deafb85a3c6362f573aa5fa1dbb72cd6&chksm=83d0c932b4a74024e719ef2e02fa2111441622f61b18e5983d0bbdee68f90469145ff93a860d#rd,0
http://mmbiz.qpic.cn/mmbiz_jpg/68JxwhxIxE1iaXEc1PgxIMXwdBwtQY8WkAR8iaqp0fKZficEY5fsqatRdcXwfWagEkXmL8Lg5WXXYmeOLeEwicW0ibQ/300,2018-04-13 19:57:00,0,0,0,1,3018206481_2650649458_1,2650649458,72,又美又好听的吉他弹唱教学,0,http://mp.weixin.qq.com/s?__biz=MzAxODIwNjQ4MQ==&mid=2650649458&idx=1&sn=a0d111216d3bd4736ab647069df7a00b&chksm=83d0c90cb4a7401a7ec2b90a0601e11195f75d43633a291dce70d0bdaea77d86aa57f8abac5c#rd,0
http://mmbiz.qpic.cn/mmbiz_jpg/68JxwhxIxE2uThGyOAlVSrE2wVUVjhCEoplia4MXpECQRtiadeyvRicg3aKuxE5jnYDbuwbibiaTheKEriaUXBscYrAA/300,2018-05-05 00:01:00,0,0,0,1,3018206481_2650649512_1,2650649512,73,Tomorrow - Nancy吉他弹唱教学,0,http://mp.weixin.qq.com/s?__biz=MzAxODIwNjQ4MQ==&mid=2650649512&idx=1&sn=baa18fdc7dbc0892a195d9f76561db8f&chksm=83d0c9d6b4a740c0b98b31700c9a25c9c126ac0e07b3ffb83d9bbacf89f96bc501a56d57b043#rd,0
http://mmbiz.qpic.cn/mmbiz_jpg/68JxwhxIxE3aQAicPZdoswn0W07HvDo4nfhjD2TFhHo2BldYT0KcBMqtdJ3ibgeaSjb3HgHLOx26JD1QunibvsjHw/300,2018-05-18 19:57:00,0,0,0,1,3018206481_2650649534_1,2650649534,74,《慢慢喜欢你》一点一点嵌入记忆,0,http://mp.weixin.qq.com/s?__biz=MzAxODIwNjQ4MQ==&mid=2650649534&idx=1&sn=cab8924e7153b758feaae2517d8f6545&chksm=83d0c9c0b4a740d6ee97c971fcd8d9afae29ea9384b098fc86a718ad7dd5ccb6abd651b9563a#rd,0
http://mmbiz.qpic.cn/mmbiz_jpg/68JxwhxIxE03Y3SwhHcDiawskbXAZZzlgqf2Crspv7xHK2FxHniatYbBmYvicgNiaszUOzIiabLrQ6VG5D0OwuJxkmA/300,2018-06-05 21:19:48,0,0,0,1,3018206481_2650649566_1,2650649566,75,第三人称 - Nancy吉他弹唱完整教学,0,http://mp.weixin.qq.com/s?__biz=MzAxODIwNjQ4MQ==&mid=2650649566&idx=1&sn=75c6616da57a95d539582cd42b8586c8&chksm=83d0c9a0b4a740b6877435ed83801212422660dcb0ce9fed5c9ce1385b11a363547c928bc951#rd,0
http://mmbiz.qpic.cn/mmbiz_jpg/68JxwhxIxE2OVy7IL9mUpUPR9fNpyW4yWjwYr9WCPcTj1khw81iaehQtZLl65uAo36ibvWS2w42QqrIJbIAIfFPQ/300,2018-06-15 20:25:33,0,0,0,1,3018206481_2650649616_1,2650649616,76,醉赤壁 - Nancy吉他弹唱教学,0,http://mp.weixin.qq.com/s?__biz=MzAxODIwNjQ4MQ==&mid=2650649616&idx=1&sn=4a289ab9f9683003e9134b9605b51d76&chksm=83d0ce6eb4a747787daeed6439edad716e678e1b0b9d25c051d803a54b2fe2cd01f752aab936#rd,0
http://mmbiz.qpic.cn/mmbiz_jpg/68JxwhxIxE1AyWblmeZLEKhDOicY71DkILib9NPY4BUT44z7SWunTqDur8CJ0eKkSicYVGBiclZNCLQuK6IeBSsAwg/300,2018-07-06 19:51:00,0,0,0,1,3018206481_2650649671_1,2650649671,77,《答案》- Nancy吉他弹唱教学,0,http://mp.weixin.qq.com/s?__biz=MzAxODIwNjQ4MQ==&mid=2650649671&idx=1&sn=6a0405fe582e8b95227cd0a7c839912d&chksm=83d0ce39b4a7472feb87435b9b3ca3dd34a4c46414238087ad42654f3f9ab6baa2c5727209aa#rd,0
http://mmbiz.qpic.cn/mmbiz_jpg/68JxwhxIxE1p2MjZcG7d1xkcfc33icfvpicK09I3o0GZVzDEn7IxEu0n7wTLTIaMic5ZicUdunED7gheDuShFzUYkw/300,2018-07-27 19:50:00,0,0,0,1,3018206481_2650649774_1,2650649774,78,可能否 - Nancy吉他弹唱教学,0,http://mp.weixin.qq.com/s?__biz=MzAxODIwNjQ4MQ==&mid=2650649774&idx=1&sn=8e9a39ee747b1a2c323b087f166b6c7e&chksm=83d0ced0b4a747c6f108cb4dbbe2200eda61343f688d7dfca5cd26cc682a0ea55425adcbd001#rd,0
https://mmbiz.qlogo.cn/mmbiz_jpg/68JxwhxIxE1ibyprshIQ4HiaH9iaCSQXNkbQibsCU2hO4eiaiacDm2gub7fX4icX5fFTeKROOibeosp0PC85nlxZEQosIA/300,2018-10-12 19:57:00,0,0,0,1,3018206481_2650650115_1,2650650115,79,Honey Honey - Nancy吉他弹唱教学,0,http://mp.weixin.qq.com/s?__biz=MzAxODIwNjQ4MQ==&mid=2650650115&idx=1&sn=e56d5f980f25c6ee461f49d562ef595c&chksm=83d0cc7db4a7456b1fff05c99260304c10e50be5d7b3401415a70cf05aa30fcf3f685ab52e2a#rd,0
https://mmbiz.qlogo.cn/mmbiz_jpg/68JxwhxIxE3jSZ69e7ibydV59bsDZZ2yeunwEIicmN0erQYhib8ZltrwHp8CAfCA1Zc8d38gkU6RicvhcFnekdJIWg/300,2018-10-19 19:58:00,0,0,0,1,3018206481_2650650137_1,2650650137,80,Honey Honey - Nancy尤克里里弹唱教学,0,http://mp.weixin.qq.com/s?__biz=MzAxODIwNjQ4MQ==&mid=2650650137&idx=1&sn=4c6564ac11f0158446dd9e296720a0c5&chksm=83d0cc67b4a745716e363e95cb23cb9c1434bacca2c89162cd717b79233042d4eb3e5e6870ed#rd,0
https://mmbiz.qlogo.cn/mmbiz_jpg/68JxwhxIxE0iaiaKSTw0RGmGz95I8dtFLiaTDgibibdFb6UP1PlibCRHVt4wpoztphiapLLkz85y56v0Ea91lxrBFxRDw/300,2018-11-02 19:58:00,0,0,0,1,3018206481_2650650157_1,2650650157,81,Duet - Nancy吉他弹唱完整教学,0,http://mp.weixin.qq.com/s?__biz=MzAxODIwNjQ4MQ==&mid=2650650157&idx=1&sn=152299cf242e86e79bde9df71ddb53cf&chksm=83d0cc53b4a74545b53d3044071f8c3c269f38c7a89e0c1268bcf0ce2de78e2f61dc62f3d956#rd,0
https://mmbiz.qlogo.cn/mmbiz_jpg/68JxwhxIxE1Tkz2SZwwnCqxIln6Wq3JGo5WMgSeuOz8iaUR6mbYiaFpM0licOv4icib0yia6hwu1BMLXthvZPjiaP1Vbw/300,2018-11-16 19:58:00,0,0,0,1,3018206481_2650650213_1,2650650213,82,Perfect -Ed Sheeran- Nancy吉他弹唱完整教学,0,http://mp.weixin.qq.com/s?__biz=MzAxODIwNjQ4MQ==&mid=2650650213&idx=1&sn=55d772d2608ea93ca70c76036a08cd95&chksm=83d0cc1bb4a7450ddf93bf3e45e2196bd425bab3a4774ed6810824d5097a9cc203d496160b52#rd,0
https://mmbiz.qlogo.cn/mmbiz_jpg/68JxwhxIxE0fxa8icibe9lmtuCavFIr1GUCiahNqNSAJKu7WhzHQhbe9YeRnr4oOq0xU0w9x2ygab11IWMyT09ia9g/300,2018-11-24 19:58:00,0,0,0,1,3018206481_2650650223_1,2650650223,83,Duet - Nancy尤克里里教学之横按偷懒法,0,http://mp.weixin.qq.com/s?__biz=MzAxODIwNjQ4MQ==&mid=2650650223&idx=1&sn=342fc6b2e7298d4fd7eeab002c1931f9&chksm=83d0cc11b4a74507f9fc8a2e1194459bbfe9222de6bf152c577880fd898bb554eac2b9d293d3#rd,0
https://mmbiz.qlogo.cn/mmbiz_jpg/68JxwhxIxE1ftfEe0NkFuhn4eSkZOSmovqoWZohkPYX1c9vTqlgxNicwWYlnbnKCgCf5MyUVZibPyp6XicIL1amSQ/300,2018-12-07 19:56:39,0,0,0,1,3018206481_2650650249_1,2650650249,84,Self - 陈绮贞 -Nancy吉他弹唱完整教学,0,http://mp.weixin.qq.com/s?__biz=MzAxODIwNjQ4MQ==&mid=2650650249&idx=1&sn=381c841f1a5d3305ea220655922b553e&chksm=83d0ccf7b4a745e1e1fff5cc451a32c6f170b22187a5c70821d95ad03ee538c6bfa0cb7d10a8#rd,0
https://mmbiz.qlogo.cn/mmbiz_jpg/68JxwhxIxE3EaVVweGIoWibiaI3H4F2nHicR5nxV1rdtEVTCCUqdrgWGiagCO72M7JajntmEmK05SFLfvRtgQupAlg/300,2019-01-04 19:58:00,0,0,0,1,3018206481_2650650305_1,2650650305,85,把我轻轻放在木椅上 崔开潮-Nancy吉他弹唱教学,0,http://mp.weixin.qq.com/s?__biz=MzAxODIwNjQ4MQ==&mid=2650650305&idx=1&sn=57155408d8ef17c7e2c5462dbf8d4fc5&chksm=83d0ccbfb4a745a97016eb2f3a70c16debdb3d81292e8a4e03a4affb03459536d3bef081271e#rd,0
https://mmbiz.qlogo.cn/mmbiz_jpg/68JxwhxIxE0BVrzJic2Rib4m8yhOpIpvS9DB7yb0fsOUgAY6iautU3DYJFRn3aLD9Y16KSJLHheHgkFU7EyIxJtXA/300,2019-01-18 21:40:17,0,0,0,1,3018206481_2650650321_1,2650650321,86,安静 周杰伦- Nancy吉他弹唱教学,0,http://mp.weixin.qq.com/s?__biz=MzAxODIwNjQ4MQ==&mid=2650650321&idx=1&sn=6a83a411d34e15d5b3d01993b2f91d8d&chksm=83d0ccafb4a745b91f824b33bd3b85993b8a1719b1b8f3c934c7989abc0ea48b883058b1ca67#rd,0
https://mmbiz.qlogo.cn/mmbiz_jpg/68JxwhxIxE3sMNGwtpFDgHqJRs9Lr5VNGsXIUFVVibJJkjWwQCwZAcvPrdzJgZUlo5gJCNMnze02V4GHBtyGQHQ/300,2019-02-01 19:55:00,0,0,0,1,3018206481_2650650362_1,2650650362,87,天黑黑 孙燕姿 - Nancy吉他弹唱教学,0,http://mp.weixin.qq.com/s?__biz=MzAxODIwNjQ4MQ==&mid=2650650362&idx=1&sn=9805574aae044810809bbc3edea1e576&chksm=83d0cc84b4a745923501a904808e7c3be7a5a552a4030c5683ceddfb9a6961fa1d91837a4663#rd,0
https://mmbiz.qlogo.cn/mmbiz_jpg/68JxwhxIxE3CnnD1OSr6BRh7joSrc2cnUuibLISDZlicJZEo4axVlVZvDexmMuOdibDIqnMfjv0PLcj4H156a1RlA/300,2019-02-15 19:58:00,0,0,0,1,3018206481_2650650386_1,2650650386,88,电台情歌 莫文蔚-Nancy吉他弹唱教学,0,http://mp.weixin.qq.com/s?__biz=MzAxODIwNjQ4MQ==&mid=2650650386&idx=1&sn=75452414349ea222353c8d84691ee4b3&chksm=83d0cd6cb4a7447afb083488208ccdfa143c5810ef3785ded2279799ec601cc2e3f2912f9595#rd,0
https://mmbiz.qlogo.cn/mmbiz_jpg/68JxwhxIxE1XLpz7IjdAsmGys5EYicatCxwho3Pz4RCYCb3FlhmNKzVerNXYBgZVIgv2jDBticPoictVaQtru0Avw/300,2019-03-01 20:02:05,0,0,0,1,3018206481_2650650433_1,2650650433,89,《我》做了个蔡依林的吉他弹唱教学,0,http://mp.weixin.qq.com/s?__biz=MzAxODIwNjQ4MQ==&mid=2650650433&idx=1&sn=1e76b42f10a740ee3d9883c086ec1b1b&chksm=83d0cd3fb4a74429ee71c3a1a43969b2a8f5cba689b630fecb3608f13549da7cfc4ab9abb158#rd,0
https://mmbiz.qlogo.cn/mmbiz_jpg/68JxwhxIxE19hgO8sTwVXIuNumbhYGQOkBP6MUvT5j3ZnMYL8yJ38OsiaE7MHtKBRbHMD0ibZXbmRBALtEIyMzyA/300,2019-03-29 21:47:33,0,0,0,1,3018206481_2650650545_1,2650650545,90,深夜食堂片头曲 -Nancy弹唱教学,0,http://mp.weixin.qq.com/s?__biz=MzAxODIwNjQ4MQ==&mid=2650650545&idx=1&sn=e242a8b53b0071b2e926f0a6ffdcc576&chksm=83d0cdcfb4a744d9fa886295fe9556188d6ca875a221f2ee228cae5e5e65bcc4f97868410f2f#rd,0
https://mmbiz.qlogo.cn/mmbiz_jpg/68JxwhxIxE3Ngo2Ym9smM6zt2bU5arTvO4K9mEes7J3e2s9R9oynmvia0FbBqAOqBVr8FaKZHoO1iaT4BXWKdzEg/300,2019-04-12 20:05:30,0,0,0,1,3018206481_2650650565_1,2650650565,91,台北某个地方 - Nancy吉他弹唱教学,0,http://mp.weixin.qq.com/s?__biz=MzAxODIwNjQ4MQ==&mid=2650650565&idx=1&sn=dd7433eadf45ba7d15dc3a68a1e423c9&chksm=83d0cdbbb4a744ad32e6bbabc80a67e9d23c107d295b1f643159aee2c1c758ffdd135b83a875#rd,0
https://mmbiz.qlogo.cn/mmbiz_jpg/68JxwhxIxE3L9zXQcmqbL4flHVia38XGUMhzePy4naU33AB3Q3nGCqia2OvCmGMdQiacWYSiaOw6RRAswqodTP8a8A/300,2019-04-26 20:04:08,0,0,0,1,3018206481_2650650601_1,2650650601,92,路过人间 郁可唯-Nancy吉他弹唱教学,0,http://mp.weixin.qq.com/s?__biz=MzAxODIwNjQ4MQ==&mid=2650650601&idx=1&sn=197da5d0058c118fd48e883c4af4b184&chksm=83d0cd97b4a7448104b5295c19702421ec446d42104a5594131d35b99d879202aa61df4e9177#rd,0
https://mmbiz.qlogo.cn/mmbiz_jpg/68JxwhxIxE13cCrdg59bovRKYneHcuX9Zhcu6KEcBDWXuvBDjhvGqYPGZChztmaW2E98mpCjXibzNkQXMgNQQ4A/300,2019-05-17 19:58:00,0,0,0,1,3018206481_2650650621_1,2650650621,93,《姑娘》王源 - Nancy吉他弹唱教学,0,http://mp.weixin.qq.com/s?__biz=MzAxODIwNjQ4MQ==&mid=2650650621&idx=1&sn=eb7390e500a9e1714a12d017137d0aaf&chksm=83d0cd83b4a7449587d4bf2a6ff168b0d66272c810ff1707da4ef02eac34dff3b2d0eeac0cb1#rd,0
https://mmbiz.qlogo.cn/mmbiz_jpg/68JxwhxIxE1M5hsRz2C9NJ3kQomOzNuoEiaZBpOG94RDqLxHSwkPribrnrhJKxK2yYYf27u8QywAvCLSxxicxUic7Q/300,2019-06-08 00:01:00,0,0,0,1,3018206481_2650650646_1,2650650646,94,来信 陈鸿宇 - Nancy吉他弹唱教学（有谱）,0,http://mp.weixin.qq.com/s?__biz=MzAxODIwNjQ4MQ==&mid=2650650646&idx=1&sn=e96e722447894c8c4d1db273b322d53f&chksm=83d0c268b4a74b7ed9b98d888b5b69fe46c371a52d9136999e1dfdf808a26a47dc1cb0625ea0#rd,0
https://mmbiz.qlogo.cn/mmbiz_jpg/68JxwhxIxE0Eq9LquMvutlSh1bZjyEyunteqDQvd7ta2yyiaspuPHwRBf0PJj1S8G21vpibYJNNSpvKFQJ7HmIFw/300,2019-06-21 19:58:00,0,0,0,1,3018206481_2650650682_1,2650650682,95,《桥下》谢春花 - Nancy吉他弹唱教学,0,http://mp.weixin.qq.com/s?__biz=MzAxODIwNjQ4MQ==&mid=2650650682&idx=1&sn=1be3f1506ecd02ace047a6148d9e11a3&chksm=83d0c244b4a74b52a96b5ed2629343409563407526fcc4a782ee702fc37fd361711158ef65e2#rd,0
https://mmbiz.qlogo.cn/mmbiz_jpg/68JxwhxIxE1thicDiaaW4rtGUDeuxD0zQskpWibtCThEhQVsz0vgU9H3rW57DGx8tVvia7XkoG8lqXy8saNkGATpbA/300,2019-07-26 21:04:02,0,0,0,1,3018206481_2650650853_1,2650650853,96,生活因你而火热 新裤子 - Nancy吉他弹唱教学,0,http://mp.weixin.qq.com/s?__biz=MzAxODIwNjQ4MQ==&mid=2650650853&idx=1&sn=8739335fddfb90ed1e41887131081ec5&chksm=83d0c29bb4a74b8da834c5ec8b85e58788be1d0055c3994989c0effbd945aeacb091481a6288#rd,0
https://mmbiz.qlogo.cn/mmbiz_jpg/68JxwhxIxE17zCq3UX7pXp5XRpG4GmGib6Cic7gK4hBqQapEYa91aTSjYf1G143ibwx7DAFd0onqlVzN1dujiaVLsw/300,2019-09-13 19:53:54,0,0,0,1,3018206481_2650651201_1,2650651201,97,《bad guy》Billie Eilish-Nancy吉他弹唱教学,0,http://mp.weixin.qq.com/s?__biz=MzAxODIwNjQ4MQ==&mid=2650651201&idx=1&sn=6f326e31677cf5df98f83fe75e72c723&chksm=83d0c03fb4a74929c850bdcb790db0ffdfe8466be8e026ce76e822650b0d7de9703fc4fa55ee#rd,0
https://mmbiz.qlogo.cn/mmbiz_jpg/68JxwhxIxE3ZzNCnfamIj3nvcUbPmoOtM5BglIgUBebjrYnT8QSYaKrwgY3wDcWFUb3PiaXPNsHkPibnARqQPPmg/300,2019-10-04 19:58:00,0,0,0,1,3018206481_2650651251_1,2650651251,98,《Viva La Vida》- Nancy吉他弹唱教学,0,http://mp.weixin.qq.com/s?__biz=MzAxODIwNjQ4MQ==&mid=2650651251&idx=1&sn=c1278d7755a5286dcb708b633f5c1e84&chksm=83d0c00db4a7491b8d82bccc3f83364702a2322ff4d64f939db8d07bdcf9d62a89a041f41b85#rd,0
https://mmbiz.qlogo.cn/mmbiz_jpg/68JxwhxIxE3WAbd5koUuiaJxtDLFPHiaiaxqqmwUkrstNtYmjBcMWJg9eyINZKHgvZOxF2JoAialgq2MVEyH4ia5m3Q/300,2019-10-11 19:57:00,0,0,0,1,3018206481_2650651264_1,2650651264,99,《你快乐所以我快乐+Creep》Nancy吉他弹唱教学,0,http://mp.weixin.qq.com/s?__biz=MzAxODIwNjQ4MQ==&mid=2650651264&idx=1&sn=8bba7fa460f28713b234ed2bf177cc08&chksm=83d0c0feb4a749e832a03801e6c9a49784c03cdce7e80b4dd6c0af7e3cd9de4ce5d01501164e#rd,0
https://mmbiz.qlogo.cn/mmbiz_jpg/68JxwhxIxE1TFic1NpzibLPd5YIWAvPHd7bFaLT8W2UWp30VvmIekxKADBVz4ibkydL97UerZAH60AN8VbAibGWS8A/300,2019-10-25 21:14:46,0,0,0,1,3018206481_2650651294_1,2650651294,100,陈绮贞《小船》-Nancy吉他弹唱教学,0,http://mp.weixin.qq.com/s?__biz=MzAxODIwNjQ4MQ==&mid=2650651294&idx=1&sn=fc77f460a4aa6f6171671b97d286bc0b&chksm=83d0c0e0b4a749f623de0bb15291b0b5b6fb6fb5623bf85ab09c30c838f60a80d8316731048f#rd,0
https://mmbiz.qlogo.cn/mmbiz_jpg/68JxwhxIxE3ybFvdhxlXVR7LkwefkTneJxEGPa5ibU8yWL8bVj7IibxaGzXWgU2ZFkD8wmTS2C36iaDbFZFAdjJfA/300,2019-11-01 19:53:53,0,0,0,1,3018206481_2650651300_1,2650651300,101,弹唱配合的练习方法-Nancy练琴实况分享,0,http://mp.weixin.qq.com/s?__biz=MzAxODIwNjQ4MQ==&mid=2650651300&idx=1&sn=1bf5da8e208d081698570f8149fa4e1f&chksm=83d0c0dab4a749cc77c3064e923e503c25490b46c682949317d97aae148cd43800d6e7db526a#rd,0
https://mmbiz.qlogo.cn/mmbiz_jpg/68JxwhxIxE13b4GamYKtGo5E9gWgb8MwnUEUYoiaajYnADWniaJXTACd2zTVzcibcuGtwPMgjE2HlBuGj5Q0F9fAg/300,2019-11-23 22:15:26,0,0,0,1,3018206481_2650651332_1,2650651332,102,野狼Disco -Nancy吉他弹唱教学,0,http://mp.weixin.qq.com/s?__biz=MzAxODIwNjQ4MQ==&mid=2650651332&idx=1&sn=bdfe89cc04cd8ea166136e46c7bbffa5&chksm=83d0c0bab4a749acf017f85236ebf235495fdec6c03f67b8e2c13298ffc52defa37351dd52c6#rd,0
https://mmbiz.qlogo.cn/mmbiz_jpg/68JxwhxIxE00wDGRrKvodBI9ahKG1qhjlHwA65BxvYhw1yIpD7kXFGre6wZJKRaeR6v6iaGwDzwJZR0rX78a0uw/300,2019-12-06 19:56:00,0,0,0,1,3018206481_2650651376_1,2650651376,103,Make You Feel My Love - Nancy吉他弹唱教学,0,http://mp.weixin.qq.com/s?__biz=MzAxODIwNjQ4MQ==&mid=2650651376&idx=1&sn=a62ff5ed5aac6ffa053b550c2d0259c2&chksm=83d0c08eb4a749987d5d16c3686de46295e409979d345f460cd553cae31d7879532ce4ccfa82#rd,0
https://mmbiz.qlogo.cn/mmbiz_jpg/68JxwhxIxE0R0f5vfnrYdPfbocVKwHibQCa4LPUeciaHuAkwhOBibYqmgoibPOyu2pjBZKsYcL3HZ8QAQ7zyEnfT1A/300,2019-12-27 19:58:00,0,0,0,1,3018206481_2650651401_1,2650651401,104,周杰伦《我是如此相信》-Nancy吉他弹唱教学,0,http://mp.weixin.qq.com/s?__biz=MzAxODIwNjQ4MQ==&mid=2650651401&idx=1&sn=bfe4169ae334ab37b3d75b57eeffec89&chksm=83d0c177b4a74861263f09a6ebbe030141b1316fd0efd8247d810b8af30e681ecaf912baaff8#rd,0
https://mmbiz.qlogo.cn/mmbiz_jpg/68JxwhxIxE3iaa7RPZaAD6ljJWy8qMXyGrkF81x8ISZFNPXbCDmt6xB8d289mBIzlbxnjhW4rO60vMzlEQibjsug/300,2020-01-17 19:51:28,0,0,0,1,3018206481_2650651446_1,2650651446,105,《秦皇岛》万能青年旅店 - Nancy弹唱完整教学,0,http://mp.weixin.qq.com/s?__biz=MzAxODIwNjQ4MQ==&mid=2650651446&idx=1&sn=b50d80f259ff7a533acab454dd950fbb&chksm=83d0c148b4a7485e24f9c9926ee7ca17c68aac72e91998808dbcf34dea6de0ccaced12fa71b7#rd,0
https://mmbiz.qlogo.cn/mmbiz_jpg/68JxwhxIxE01MibLMqJ973iayLuAJiceecBq6hc8lFZPmQ0Bh6shqndeic1ZS74cZEzM9SAgoxrgtb6miaKCFkLMqVQ/300,2020-04-17 19:55:00,0,0,0,1,3018206481_2650651500_1,2650651500,106,《小宇》- Nancy吉他弹唱教学 完整教程,0,http://mp.weixin.qq.com/s?__biz=MzAxODIwNjQ4MQ==&mid=2650651500&idx=1&sn=59df6f9140833bb7725b221adc1cc572&chksm=83d0c112b4a748040f8dcd70d2400363a0b3cbd1f203b94f180efc275bdd704916a250eeb15a#rd,0
https://mmbiz.qlogo.cn/mmbiz_jpg/68JxwhxIxE1m0AIfSnJRK8I8jnCwOgic25os0MCB9VmjMQPb7W2OFH3WCahzLe5M570wpM7c7L2ibNvR54DQEPkw/300,2020-04-24 19:58:00,0,0,0,1,3018206481_2650651510_1,2650651510,107,《The Scientist》Coldplay- Nancy吉他弹唱教学 完整教程,0,http://mp.weixin.qq.com/s?__biz=MzAxODIwNjQ4MQ==&mid=2650651510&idx=1&sn=f897dc77dc0fa05e849ba32cfd5824a4&chksm=83d0c108b4a7481e68bf66259f3effaa3c0bbd0d567c38d8d9ab91a87a85554d9bf3ad05370b#rd,0
https://mmbiz.qlogo.cn/mmbiz_jpg/68JxwhxIxE2GY26KVvKwEUwCDtOaeEfbuMicTCI2Dkptqwlb76ibfZkpEjnAM4VzNLNIYMP7E1MXnAIpYPlZgZ7A/300,2020-05-02 19:57:00,0,0,0,1,3018206481_2650651527_1,2650651527,108,伍佰《Last Dance》- Nancy吉他弹唱教学 完整教程,0,http://mp.weixin.qq.com/s?__biz=MzAxODIwNjQ4MQ==&mid=2650651527&idx=1&sn=d5c1f58c892f49ea3efd87989ae9e1aa&chksm=83d0c1f9b4a748ef51dbe6f15b2ec8fcefd53baaf891708111c908ecfd37392baea8364dafe4#rd,0
https://mmbiz.qlogo.cn/mmbiz_jpg/68JxwhxIxE3ProUdoUHeicCQy3boQAk33DGApIlt9T8yseic7e4MQKGGiaHYwacgl9TK7xjCQKPLe8Ywa81Z0DGcA/300,2020-05-08 19:58:00,0,0,0,1,3018206481_2650651538_1,2650651538,109,《光》陈粒- Nancy吉他弹唱教学 完整教程,0,http://mp.weixin.qq.com/s?__biz=MzAxODIwNjQ4MQ==&mid=2650651538&idx=1&sn=31fcd838abcc40eb9da2e0a72bf88cf5&chksm=83d0c1ecb4a748fa1442311afd4929a65ec87ec02699d2d8f84c4fee28b4aa67b304db55efcb#rd,0
https://mmbiz.qlogo.cn/mmbiz_jpg/68JxwhxIxE1l3oWQn2sK7jeiamh2aY0P9W20ibGfRTPZkrb0icaIO0BMLdnh9XQ8J61BKnjYwVic3iajxS8LQwUwr0g/300,2020-05-15 19:55:00,0,0,0,1,3018206481_2650651568_1,2650651568,110,许巍《蓝莲花》- Nancy吉他弹唱教学 完整教程,0,http://mp.weixin.qq.com/s?__biz=MzAxODIwNjQ4MQ==&mid=2650651568&idx=1&sn=0502b9f3a2a22922b4d9c77337270feb&chksm=83d0c1ceb4a748d89515a76a8882a01b109f5af929b5a1760f88820099b4add22e4fc7125ca4#rd,0
https://mmbiz.qlogo.cn/mmbiz_jpg/68JxwhxIxE2eROCCkBl9A7ic8lCwUDS0gwia3c2XGLDW2dfF8wtA5LYjGNoNYVqbM1WWJ6DQINx2z0TbkMeZgzIA/300,2020-05-22 19:55:00,0,0,0,1,3018206481_2650651596_1,2650651596,111,毛不易《消愁》- Nancy吉他弹唱教学 完整教程,0,http://mp.weixin.qq.com/s?__biz=MzAxODIwNjQ4MQ==&mid=2650651596&idx=1&sn=4979298821393b12ad17b7a39f38c419&chksm=83d0c1b2b4a748a4e2880a593e25b73c9040d58ac25f546f26b7829663f3b2158a57a96238b3#rd,0
https://mmbiz.qlogo.cn/mmbiz_jpg/68JxwhxIxE3LUdsd0ibwN423JNZ14QsM8ZYFIzPvu2AfJwslZPaBjjMoMZx87Voja9NbcyhlJVI8URuvoBOxdYA/300,2020-05-31 19:55:00,0,0,0,1,3018206481_2650651617_1,2650651617,112,周深《大鱼》- Nancy吉他弹唱教学 完整教程,0,http://mp.weixin.qq.com/s?__biz=MzAxODIwNjQ4MQ==&mid=2650651617&idx=1&sn=50ddb6037e7598731f1588d88c352b99&chksm=83d0c19fb4a7488902753ff393e664822e8c7cdbb200141362379493aa1d38a8dd81d8fa7bdd#rd,0
https://mmbiz.qlogo.cn/mmbiz_jpg/68JxwhxIxE22Aicp3qSkn4lATy6iaBBhVKjhGhiaIf3WFpvqyDbfUSSic3FlqF3BlW3MiamYBkVAUdp73QOVlS9Blnw/300,2020-06-12 21:28:59,0,0,0,1,3018206481_2650651652_1,2650651652,113,《童年》罗大佑 - Nancy吉他弹唱教学 完整教程,0,http://mp.weixin.qq.com/s?__biz=MzAxODIwNjQ4MQ==&mid=2650651652&idx=1&sn=1a4b98d65fae273380a061d8f214c9fb&chksm=83d0c67ab4a74f6c2ca4fbc4272c6866d35cad9e21472898bbac16e594c769842fea8096fdab#rd,0
https://mmbiz.qlogo.cn/mmbiz_jpg/68JxwhxIxE190doD5DU6PpRHia3ibSECKQQmeAZjVO3uiaXnTicA7OcQibfawbUBNTJqoez4T7asLKR1MBQTYz32IibA/300,2020-07-10 20:26:00,0,0,0,1,3018206481_2650651692_1,2650651692,114,《易燃易爆炸》陈粒 - Nancy吉他弹唱教学 完整教程,0,http://mp.weixin.qq.com/s?__biz=MzAxODIwNjQ4MQ==&mid=2650651692&idx=1&sn=ffa1dc5d33478bcaae5560f45cbc892e&chksm=83d0c652b4a74f446897d6839780bf6d111cadbf928176bb5efe4645fdcec3bbcf91a9405ab3#rd,0
https://mmbiz.qlogo.cn/mmbiz_jpg/68JxwhxIxE3MplRwWy1icM1GQUx3UGbUbeMfcibiabViajdSbmW0D5OoKZqPH55Gy6Dx1wcWMYq5VvUDbE8Jm4IF5w/300,2020-07-17 21:12:00,0,0,0,1,3018206481_2650651706_1,2650651706,115,《The Best For You》欧阳娜娜-Nancy吉他弹唱教学 完整教程,0,http://mp.weixin.qq.com/s?__biz=MzAxODIwNjQ4MQ==&mid=2650651706&idx=1&sn=721b071215822e1728ac1e2993e02746&chksm=83d0c644b4a74f528bd8b7ebccc3110b48ba893285e9127ac18c10264857e6cf45542b4617cb#rd,0
https://mmbiz.qlogo.cn/mmbiz_jpg/68JxwhxIxE2dq6rkCm8A7ibD2rB36RQt9EskTPHO81icpjtM75jlwiaPCSDmpxibWmZoNhHTWHB1s0icS5oov1ORqlw/300,2020-07-24 19:55:53,0,0,0,1,3018206481_2650651721_1,2650651721,116,最后生还者2《Through the Valley》 Nancy吉他弹唱教学 完整教程,0,http://mp.weixin.qq.com/s?__biz=MzAxODIwNjQ4MQ==&mid=2650651721&idx=1&sn=8b6cc03d73643263ae75689534f26801&chksm=83d0c637b4a74f21aeb353436f6ad5d00a9e70e8e344b85b636e44070cf86ab7717605c7356a#rd,0
https://mmbiz.qlogo.cn/mmbiz_jpg/68JxwhxIxE3BPRpjoicg323KatFNDwBuV4SBlZupPrrdMaLgELOI3rf5CibSx76QY1MVLk5L52AMqwWYWQh8sehg/300,2020-08-15 19:55:00,0,0,0,1,3018206481_2650651773_1,2650651773,117,林俊杰《不为谁而作的歌》 Nancy吉他弹唱教学超详细完整教程,0,http://mp.weixin.qq.com/s?__biz=MzAxODIwNjQ4MQ==&mid=2650651773&idx=1&sn=c1b6bef54f5f3a82a16c97ebdf02ca82&chksm=83d0c603b4a74f1599b30b91013414f8f91e28a8ebbc93935d79eeda6f06806b61962be055c4#rd,0
https://mmbiz.qlogo.cn/mmbiz_jpg/68JxwhxIxE36TqzU8GOib3pLsYYsLv2qzI1STAbS5yD5lqicWqiaenoiaBO7DcJdhwvDceBlID1BmYFyiaqbuoiaG1Xw/300,2020-08-28 19:57:00,0,0,0,1,3018206481_2650651808_1,2650651808,118,《Gotta Have You》Nancy吉他弹唱教学超详细完整教程,0,http://mp.weixin.qq.com/s?__biz=MzAxODIwNjQ4MQ==&mid=2650651808&idx=1&sn=48c58906d9d948a16b7930a057c7acca&chksm=83d0c6deb4a74fc84dc5ad4d3444e2203479a52ba5aca628ebfe79e079b2c80e9fcaa39d4de9#rd,0
https://mmbiz.qlogo.cn/mmbiz_jpg/68JxwhxIxE1icAxYGAlGF0dKl5v9XxBrq6cUdYd7mQf1ObrWOhuz5Am1rqZ6Y8RXEMkAgIhEKyC3o32Isxj92Qg/300,2020-09-18 19:58:00,0,0,0,1,3018206481_2650651843_1,2650651843,119,陈粒《小半》Nancy吉他弹唱完整教学教程,0,http://mp.weixin.qq.com/s?__biz=MzAxODIwNjQ4MQ==&mid=2650651843&idx=1&sn=43a6fa810018c0c9f0f47b7a6d8cb492&chksm=83d0c6bdb4a74fabdc64eabb1fff8a797e1f4cfd675c322c01fdfd9b2102741f06f11b8b0fe4#rd,0
https://mmbiz.qlogo.cn/mmbiz_jpg/68JxwhxIxE2skGbRAlWW5L0d6TY8eILucr0HNOibo2VjdlialaZicQKYSZfAn1q2icYqUopCRh914WpbVU0su0mEyA/300,2020-10-02 19:58:00,0,0,0,1,3018206481_2650651878_1,2650651878,120,西游记《女儿情》Nancy吉他弹唱完整教学教程,0,http://mp.weixin.qq.com/s?__biz=MzAxODIwNjQ4MQ==&mid=2650651878&idx=1&sn=4c4322defac82c57d8ab0a88d7efce01&chksm=83d0c698b4a74f8ea62cf2f6a76a9904375966394209d04974d90108f0e113a228b17781b623#rd,0
https://mmbiz.qlogo.cn/mmbiz_jpg/68JxwhxIxE1CeGiaGZOhGXlqicSq2mRkWMPg4mMZialT40GD1D8NzLNSXtxwzvTGX3TewlNDpQrDUdtC4zw79xticA/300,2020-10-16 20:17:09,0,0,0,1,3018206481_2650651905_1,2650651905,121,《Almost Lover》 Nancy吉他弹唱教学 完整教程,0,http://mp.weixin.qq.com/s?__biz=MzAxODIwNjQ4MQ==&mid=2650651905&idx=1&sn=2dc4b0baefc57ed24fb47cf51e08fce7&chksm=83d0c77fb4a74e696e1719d0b069cbaf17edda2cd706cf5f82ed4a9f6e66eea45b4f205043c5#rd,0
https://mmbiz.qlogo.cn/mmbiz_jpg/68JxwhxIxE0gtibAQ8Y4LzQKaeZIgEcLpYrYiauOSCkCNAMNcTQQjYcklX6qKoLjxroWn4zulfJ0D9iazP3CDCeZw/300,2020-10-30 19:55:00,0,0,0,1,3018206481_2650651950_1,2650651950,122,周杰伦《晴天》Nancy吉他弹唱教学超详细完整教程,0,http://mp.weixin.qq.com/s?__biz=MzAxODIwNjQ4MQ==&mid=2650651950&idx=1&sn=b3994186b512ec821c05cc73a66626a6&chksm=83d0c750b4a74e4634b8f5895a03aac11a67f0d3d885bcca04e82dde8b90e0a81948582717e9#rd,0
https://mmbiz.qlogo.cn/mmbiz_jpg/68JxwhxIxE0Ka19Vt6uPgWgpLib1TjPexDiaJvVgTp7Nb3t64NQJmibYrmYyCFTUHib1FozPK0BGMqSevlMTTLlReQ/300,2020-11-13 20:28:29,0,0,0,1,3018206481_2650651983_1,2650651983,123,郭顶《水星记》- Nancy吉他弹唱教学详细完整教程,0,http://mp.weixin.qq.com/s?__biz=MzAxODIwNjQ4MQ==&mid=2650651983&idx=1&sn=840c482a4e677dc938d4c37fbe9df45f&chksm=83d0c731b4a74e27928a4a62690a80be7c2cbcec7690e7d0621ea14ed6ce304023c81b0a5226#rd,0
https://mmbiz.qlogo.cn/mmbiz_jpg/68JxwhxIxE10qN1VRHXqO5BOibsCu1StGPHXMCYZBNBebP8ZLcnOEMBgSlwLV6UibhyHXicN3vtibKKBgb4y2fEQzg/300,2020-11-27 19:57:00,0,0,0,1,3018206481_2650652044_1,2650652044,124,毛不易《像我这样的人》- Nancy吉他弹唱教学详细完整教程,0,http://mp.weixin.qq.com/s?__biz=MzAxODIwNjQ4MQ==&mid=2650652044&idx=1&sn=2347378305966c226bf757702d8f1433&chksm=83d0c7f2b4a74ee41fa7e2179e8c54fdd90f748048766f521eb1aae1564bf14bba791e030b19#rd,0
https://mmbiz.qlogo.cn/mmbiz_jpg/68JxwhxIxE1BMaKic5mFtZP1oZygq4jHza9WxdAGd3C1PmrE9jtvyzVHYO7lzMG4YfHNkibR9T6jZbjeF1zSO50w/300,2020-12-11 20:07:25,0,0,0,1,3018206481_2650652077_1,2650652077,125,任素汐《胡广生》- Nancy吉他弹唱教学完整教程,0,http://mp.weixin.qq.com/s?__biz=MzAxODIwNjQ4MQ==&mid=2650652077&idx=1&sn=943bbdafa8fa21fc1f972ae057ea07b6&chksm=83d0c7d3b4a74ec5f9b5a51c6bf1efff97b275329677c6fa39875b0d1833cfd76de756952d58#rd,0
https://mmbiz.qlogo.cn/mmbiz_jpg/68JxwhxIxE1DHr0VRk99ia8c3sHghqUQIfJxcb41ftibf7MDFqPD3Ccym2lvFbgbib5Gh2ribL9pSUk41xO9Z4140A/300,2020-12-25 22:49:26,0,0,0,1,3018206481_2650652106_1,2650652106,126,福禄寿《玉珍》- Nancy吉他弹唱教学完整教程,0,http://mp.weixin.qq.com/s?__biz=MzAxODIwNjQ4MQ==&mid=2650652106&idx=1&sn=f297de3baa0af93b0ccd1064cf63914c&chksm=83d0c7b4b4a74ea27cf8dc4670a1f98937b7f4cb1578e8b4105e242e28b763432fe9501308f9#rd,0
https://mmbiz.qlogo.cn/mmbiz_jpg/68JxwhxIxE3B1Gc9Q7AB0okWB8stESMXhibnhiaoQR9ocUOS1fz3Vuqdb1hDA8xUI1iaxSB6021eWHhJu6HqF9TVg/300,2021-01-08 21:33:34,0,0,0,1,3018206481_2650652137_1,2650652137,127,《no body, no crime》Taylor Swift(泰勒·斯威夫特)- Nancy吉他弹唱教学完整教程,0,http://mp.weixin.qq.com/s?__biz=MzAxODIwNjQ4MQ==&mid=2650652137&idx=1&sn=1fd89804045d26ce702520185b26a572&chksm=83d0c797b4a74e81b4362d313d6479f63297641372df35416490fae09bb3bb00ccfa89f9c4de#rd,0
https://mmbiz.qlogo.cn/mmbiz_jpg/68JxwhxIxE2BrOVqHhM1InDmEAL1tRIibzHcg6OMbIdGhXnSiadsJaBB7VafltIo8WwXns442QGfIUJFn28VkhSQ/300,2021-01-22 21:06:47,0,0,0,1,3018206481_2650652169_1,2650652169,128,赵英俊《送你一朵小红花》- Nancy吉他弹唱教学教程,0,http://mp.weixin.qq.com/s?__biz=MzAxODIwNjQ4MQ==&mid=2650652169&idx=1&sn=a8d278eaead25c9772150b0f8efa6bea&chksm=83d0c477b4a74d61128fb2c19bb4b5a747aa3f6d43c09e409d8a68619140a1f1376f047a8455#rd,0
https://mmbiz.qlogo.cn/mmbiz_jpg/68JxwhxIxE032Mc0aj0q1RnfTO2aqF2uqjFzrz4LthyWRtzt9jqLVPFmic1MlhTcQDKcYhNhpicS0lgQwiamh8vfQ/300,2021-02-07 22:01:23,0,0,0,1,3018206481_2650652222_1,2650652222,129,郑钧《私奔》- Nancy吉他弹唱教学教程,0,http://mp.weixin.qq.com/s?__biz=MzAxODIwNjQ4MQ==&mid=2650652222&idx=1&sn=1f16451d034b1b75dafe5223d657126a&chksm=83d0c440b4a74d5697d5e2caac7c9a4bb0affdd12209fa83602e2c8c3304f6d3a965c3086944#rd,0
https://mmbiz.qlogo.cn/mmbiz_jpg/68JxwhxIxE1QdVrWJuc2bjTeH7E3pHIq8ia2tn7oe2F9bicLE5q70TAyTmVMYkCcyvvN2lARCsH2dCD40g1oX2uA/300,2021-04-23 21:30:25,0,0,0,1,3018206481_2650652417_1,2650652417,130,潍坊风筝节  x 《无与伦比的美丽》- Nancy吉他弹唱教学教程,0,http://mp.weixin.qq.com/s?__biz=MzAxODIwNjQ4MQ==&mid=2650652417&idx=1&sn=7a39638987e0d17662f8f069fbdfe723&chksm=83d0c57fb4a74c69226d1469c5cd3e8a5751f790581f3295a735fdbc8e4f22e25f025f11c940#rd,0
https://mmbiz.qlogo.cn/mmbiz_jpg/68JxwhxIxE1W155UVWOMtkicEsM77ZswyA3BuJRKRFlQDp7qWO8AnhcjkMAUCoiaibSfP0BicyqtYwJzjv3jSwC87w/300,2021-06-04 19:48:00,0,0,0,1,3018206481_2650652512_1,2650652512,131,伍佰《夏夜晚风》- Nancy吉他弹唱教学教程,0,http://mp.weixin.qq.com/s?__biz=MzAxODIwNjQ4MQ==&mid=2650652512&idx=1&sn=be3a48e12461b9a4f9aa1ee518e43718&chksm=83d0c51eb4a74c08f6a8b37dedf7f885a5a96a448726fac7b07646b67362cdaec0cd48453b85#rd,0
https://mmbiz.qlogo.cn/mmbiz_jpg/68JxwhxIxE0iaKeoXulKcicFyFyWw4JH6Mds4eE3XTM5eoeYSRuFicSvcibTtiaJb3vj11fPASrOWh8kwt5Y3Vy8ofA/300,2021-12-17 19:58:00,0,0,0,1,3018206481_2650652999_1,2650652999,132,告五人《唯一》- Nancy吉他弹唱教学教程,0,http://mp.weixin.qq.com/s?__biz=MzAxODIwNjQ4MQ==&mid=2650652999&idx=1&sn=e69d5c39074e586bba00e90726aa6365&chksm=83d0bb39b4a7322f3073f3aa44eb9496a39a1b220657b4562166a3890ec40a446eebcd140066#rd,0
https://mmbiz.qlogo.cn/mmbiz_jpg/68JxwhxIxE36fw8psuK4rfAFI4OtRXjZhdPgIjzBkEVMvr4uQI0vicVza9NWciaMMd4RoaVdyYWRmVW0lWJ50I8g/300,2022-01-28 19:58:00,0,0,0,1,3018206481_2650653138_1,2650653138,133,《New Boy》朴树 - Nancy吉他弹唱教学教程,0,http://mp.weixin.qq.com/s?__biz=MzAxODIwNjQ4MQ==&mid=2650653138&idx=1&sn=24303215a7028c48bd1370d82b541635&chksm=83d0bbacb4a732ba4be67306ecf4a014df89c8f621dfbf2ad073722ba04e204a1c9fbd89ebe0#rd,0
https://mmbiz.qlogo.cn/mmbiz_jpg/68JxwhxIxE11TSCr4xDdIGKEw7FHUlMdrBxwHHk0u5iaoIPdiaIdXny80c3HBu5Wob2kOF9ZGrlic3Jt0p1Hhyicrw/300,2022-02-13 20:23:20,0,0,0,1,3018206481_2650653181_1,2650653181,134,《私奔到月球》陈绮贞/五月天 - Nancy吉他弹唱教学教程【吉他谱修订版】,0,http://mp.weixin.qq.com/s?__biz=MzAxODIwNjQ4MQ==&mid=2650653181&idx=1&sn=de34bc80c9a5815df25379ede694c12a&chksm=83d0bb83b4a73295eeb2f7a6195e6aaf71c1b79e782d3702382ab847bf247ac6983a15e0f2e3#rd,0
https://mmbiz.qlogo.cn/mmbiz_jpg/68JxwhxIxE3zhq4Cuf45ia6FmicdCqs8IRiaxj5zhshrkHnWPLlHPDYGVV7DhFFzrCvdsIlKnK7qpfvhoKXEJSM7A/300,2022-02-13 20:54:12,0,0,0,1,3018206481_2650653187_1,2650653187,135,《稻香》周杰伦 吉他谱（简略谱）,0,http://mp.weixin.qq.com/s?__biz=MzAxODIwNjQ4MQ==&mid=2650653187&idx=1&sn=de076d913f1c1488b0e4deb09efeeda5&chksm=83d0b87db4a7316b0ddf88630ced3847365b555e8d20e72c3cf3432406726581eaa96a96509d#rd,0
https://mmbiz.qlogo.cn/mmbiz_jpg/68JxwhxIxE3RFgXAntOO6gzt3fXwcPUF3ngF6x9RuqicpGEboJEc1TPHI4AuRoVs0IeokdcHibyHZc7wVtonpY8g/300,2022-02-25 19:55:00,0,0,0,1,3018206481_2650653233_1,2650653233,136,《Best Part》 - Nancy吉他弹唱教学教程,0,http://mp.weixin.qq.com/s?__biz=MzAxODIwNjQ4MQ==&mid=2650653233&idx=1&sn=74acb65be34d609b297c09144f2b10e9&chksm=83d0b84fb4a73159538894b8b0840bf23066be122ec2c9b9dc334e94fce592b5a532c6aff658#rd,0
https://mmbiz.qlogo.cn/mmbiz_jpg/68JxwhxIxE3cdSicoF8M29KLZ3QMqMibcEm0U5oHXibCVZkbtBv0LmAgYRMtmyjpPfugFqkTS2pib85STOPh2wbxFA/300,2022-03-26 11:08:49,0,0,0,1,3018206481_2650653294_1,2650653294,137,《泪桥》伍佰 - Nancy吉他弹唱教学教程【吉他谱修订版】,0,http://mp.weixin.qq.com/s?__biz=MzAxODIwNjQ4MQ==&mid=2650653294&idx=1&sn=d4d8940f70515050ab5074120e81df53&chksm=83d0b810b4a7310660b89122093ca9a06a3c604c5ab9a832cdc1ce11c4a120bad920be3f8691#rd,0
https://mmbiz.qlogo.cn/mmbiz_jpg/68JxwhxIxE0HPSHYiblm5rouFfYsQTVTr3h4PficicqecyoOOMAEQSu2nkia9w887FvRBEGXaQrM2SK7Z5Tdu8U1Ag/300,2022-04-08 19:55:00,0,0,0,1,3018206481_2650653355_1,2650653355,138,《Fix You》Coldplay酷玩-Nancy吉他弹唱教学教程,0,http://mp.weixin.qq.com/s?__biz=MzAxODIwNjQ4MQ==&mid=2650653355&idx=1&sn=85c29fbb64be1ba22551a770baa56bd3&chksm=83d0b8d5b4a731c35538df075f845b03384464cfd16c93834cff17c767a1b49c08ef0036d6e1#rd,0
https://mmbiz.qlogo.cn/mmbiz_jpg/68JxwhxIxE3ibX1gewRtS5AycOU0f7rvFkm1DdR63eDhBOGiaEKwxdfDhafHYAibI9663Db60Wlzyyibd3apA9AZXw/300,2022-04-22 20:12:28,0,0,0,1,3018206481_2650653384_1,2650653384,139,《只道寻常》谢春花-Nancy吉他弹唱教学教程,0,http://mp.weixin.qq.com/s?__biz=MzAxODIwNjQ4MQ==&mid=2650653384&idx=1&sn=8a49ede1b8530f212912acac3289f8d9&chksm=83d0b8b6b4a731a09ff95c93416c71f9cff59db8f82b2fa95dd5a14c0c0e4d51c0a905fcad7a#rd,0
https://mmbiz.qlogo.cn/mmbiz_jpg/68JxwhxIxE3D4YW3p0kYSToBBx9mWv2ib0gtmJNqWgMpyJqoB4Yic5XxVn04rcIjk5MV5B9OecfNJBT2LM1GTIAg/300,2022-05-07 19:58:00,0,0,0,1,3018206481_2650653430_1,2650653430,140,《想去海边》夏日入侵企画-Nancy吉他弹唱教学教程,0,http://mp.weixin.qq.com/s?__biz=MzAxODIwNjQ4MQ==&mid=2650653430&idx=1&sn=d9ec419896d442bf10b7907cc4d299ec&chksm=83d0b888b4a7319ee3e0d822f43aced70d89e75f6347add26edf8ba9403236dc760a882754b4#rd,0
https://mmbiz.qlogo.cn/mmbiz_jpg/68JxwhxIxE0iaK0eH90YWUMRk2j9l0fVxhgA0gsBL9GPe5LaGa6o0oCn3V22k4wDhguhzeVLI3jhkbDPpnh5JFQ/300,2022-05-20 19:57:00,0,0,0,1,3018206481_2650653463_1,2650653463,141,《I Love You 3000》Stephanie Poetri-Nancy吉他弹唱教学教程,0,http://mp.weixin.qq.com/s?__biz=MzAxODIwNjQ4MQ==&mid=2650653463&idx=1&sn=b612fe14dca31ff39b4ea92678f07748&chksm=83d0b969b4a7307fdbe4167405feea3b7fcdc64d8ca677e271e9e68346a011b5296919830530#rd,0
https://mmbiz.qlogo.cn/mmbiz_jpg/68JxwhxIxE1Co7epuCpLkaic4u5wHjyicic9aK8lVFOdYxEVYYpJYd43mTIoicBZEWN4PhmqLvF3jWetbYFSqHoVXw/300,2022-05-27 20:48:54,0,0,0,1,3018206481_2650653487_1,2650653487,142,《爱你》王心凌-2022修订版-Nancy吉他弹唱教学教程,0,http://mp.weixin.qq.com/s?__biz=MzAxODIwNjQ4MQ==&mid=2650653487&idx=1&sn=ea129aec958622cde04db52b8131584c&chksm=83d0b951b4a73047056d2f7984111e840955a926c3ec0701afcf0fa5140b17e202c666633515#rd,0
https://mmbiz.qlogo.cn/mmbiz_jpg/68JxwhxIxE1iaOnLEZZhibbMaggKcJicuWRfRSQCwzksPKgK0NgbGib0y9eeoMy4KPKSpUIamLRDrA4WVD38Be565g/300,2022-06-10 23:13:27,0,0,0,1,3018206481_2650653549_1,2650653549,143,《时光机》五月天-Nancy吉他弹唱教学教程,0,http://mp.weixin.qq.com/s?__biz=MzAxODIwNjQ4MQ==&mid=2650653549&idx=1&sn=dad706b70398a8250a277871878fb71e&chksm=83d0b913b4a7300505b118800055794c21b7aaf183d582bae1929759b494c49c82ae8738e065#rd,0
https://mmbiz.qlogo.cn/mmbiz_jpg/68JxwhxIxE2h6o6Ka0g0D8gA4rEc5mxBYJC9kkibSMeZVDNwCbVuArgGssOXsJlHEw9EC2fmuic4P2G0LX9tO9EA/300,2022-06-25 19:55:00,0,0,0,1,3018206481_2650653582_1,2650653582,144,《人间指南》陈婧霏 - Nancy吉他弹唱教学教程,0,http://mp.weixin.qq.com/s?__biz=MzAxODIwNjQ4MQ==&mid=2650653582&idx=1&sn=0df779c1f4a29bfac9293240253c1a8b&chksm=83d0b9f0b4a730e6fbd178e22225886d40631ead3c5d09b85c6bec99d828980897b5298e6335#rd,0
https://mmbiz.qlogo.cn/mmbiz_jpg/68JxwhxIxE3rPndTXf853yGSvWD8bkVUMvuYN8uYRcBvlmNH0lZTfYou7axNmENduOrGED2VTN7Qcx07Q72auw/300,2022-07-08 19:57:00,0,0,0,1,3018206481_2650653646_1,2650653646,145,《被动》苏慧伦 - Nancy吉他弹唱教学教程,0,http://mp.weixin.qq.com/s?__biz=MzAxODIwNjQ4MQ==&mid=2650653646&idx=1&sn=04ef9970cec5518d2dae0cfb4c165aa3&chksm=83d0b9b0b4a730a631e461fd106124720973d0c5c5be0996a1c7ac121fc62636e62daa958f94#rd,0
https://mmbiz.qpic.cn/mmbiz_jpg/68JxwhxIxE1G5icmUIdWDzsl5aRKG9ribGbaEB5UiaDfaC8hZ3Meh5x0eWIB6dS2hdXicciaKdcmz5a4rSo5ZPRnU6g/300,2022-07-22 19:57:00,0,0,0,1,3018206481_2650653667_1,2650653667,146,《我们俩》郭顶 - Nancy吉他弹唱教学教程,0,http://mp.weixin.qq.com/s?__biz=MzAxODIwNjQ4MQ==&mid=2650653667&idx=1&sn=d805e8bb73075a280852c9bb85bc4ff7&chksm=83d0b99db4a7308ba4c11ac13fb8f60d9f0042af66210e0c7fbe12665bd859feeafa60d62c98#rd,0
https://mmbiz.qpic.cn/mmbiz_jpg/68JxwhxIxE0y60UGrfXJbWyfibM8V7XG8a7ut1TGmHqWaUzljb0efk76vSjRkygGJ8XOtp7QWicrKSWwA4bYPM2g/300,2022-08-05 19:55:00,0,0,0,1,3018206481_2650653690_1,2650653690,147,《给你一瓶魔法药水》告五人 - Nancy吉他弹唱教学教程,0,http://mp.weixin.qq.com/s?__biz=MzAxODIwNjQ4MQ==&mid=2650653690&idx=1&sn=34184ee40ad94ed2dfc0fd651fc907ab&chksm=83d0b984b4a730922b2d356e0700d3285282fff9556e226ea1755c95932a2e49a12d3aadcaa4#rd,0
https://mmbiz.qpic.cn/mmbiz_jpg/68JxwhxIxE07QHtvyYeo1b3YzVPKiaibh2jqiaDNy7gcOH9GPoh6yKC7sY2U7TnrEFicwTO71vBJL8F5U89MrOoT5Q/300,2022-08-20 23:36:35,0,0,0,1,3018206481_2650653717_1,2650653717,148,《Hey There Delilah》Plain White T's - Nancy吉他弹唱教学教程（修订）,0,http://mp.weixin.qq.com/s?__biz=MzAxODIwNjQ4MQ==&mid=2650653717&idx=1&sn=0bb81029bb1e52c447cb86f0d64e9a27&chksm=83d0be6bb4a7377d8fc14433115fcf74e9f8b47be36a5224a3b77dfede5e9c942b577ef0d9c4#rd,0
https://mmbiz.qpic.cn/mmbiz_jpg/68JxwhxIxE1LbS9ahzzG2eX966ZFCwEP06lUV61ySsspOxP7H4RFT8XM1gK4L0lGADr3r5cVicA8bXrhPpdyHLA/300,2022-08-26 19:55:00,0,0,0,1,3018206481_2650653738_1,2650653738,149,《诀爱》詹雯婷 - Nancy吉他弹唱教学教程,0,http://mp.weixin.qq.com/s?__biz=MzAxODIwNjQ4MQ==&mid=2650653738&idx=1&sn=2969eac208fb0a8642ac8f628d21e3b9&chksm=83d0be54b4a7374202782a6f3eaf2290de8a82b7722f833c81a1e446df23572badd98a8402e3#rd,0
https://mmbiz.qpic.cn/mmbiz_jpg/68JxwhxIxE3hRDbLMX7bRPp3kGIpUbTPuCQEAjXmJuFu1w8MqzXE2xp6AseBZ2nrYQJmVAEwJ9fYzAbaeOiarZg/300,2022-09-16 19:58:00,0,0,0,1,3018206481_2650653764_1,2650653764,150,《百年孤寂》王菲 - Nancy吉他弹唱教学教程,0,http://mp.weixin.qq.com/s?__biz=MzAxODIwNjQ4MQ==&mid=2650653764&idx=1&sn=b311a0e20aa30d66209a5ef0b10814b8&chksm=83d0be3ab4a7372ced2770408ae3edfa6cd39a86d4419f14e664be482895364939aea1dfbb30#rd,0
https://mmbiz.qpic.cn/mmbiz_jpg/68JxwhxIxE1GzPP1QvEAzymF8Xyvdn8sQl5w2Rbn5ftQ1JTrbg1rO6nFiaZiaLXFJPoZfEXVTCm69uDmPm1KhydA/300,2022-09-30 22:11:56,0,0,0,1,3018206481_2650653785_1,2650653785,151,《人生大事》赵照 - Nancy吉他弹唱教学教程,0,http://mp.weixin.qq.com/s?__biz=MzAxODIwNjQ4MQ==&mid=2650653785&idx=1&sn=f20e044b14a6831df92ab1b962ef5941&chksm=83d0be27b4a737317f0502f8821e2a4f99cca8a0f46d2c1a0eaa6b789719d84067ced020a30a#rd,0
https://mmbiz.qpic.cn/mmbiz_jpg/68JxwhxIxE0qXkZJeY158VyNjiaMrIK1lZ99hs572hOKcibao7XpaXSAtMyRVjM7mId2EAdWrbSNDP4MMGW4AMpw/300,2022-12-28 02:35:27,0,0,0,1,3018206481_2650653947_1,2650653947,152,《平凡的一天》毛不易 - Nancy吉他弹唱教学教程（吉他谱修订版）,0,http://mp.weixin.qq.com/s?__biz=MzAxODIwNjQ4MQ==&mid=2650653947&idx=1&sn=08f0a1754c2a962b713433faebcecc92&chksm=83d0be85b4a737939fb69536c60959d4b5f19ff11ba6798f3f2824dd65e338f1d633fb343745#rd,0
https://mmbiz.qpic.cn/mmbiz_jpg/68JxwhxIxE1QBMONQgxxzFlgzB0Ryg5YJyrqInuB6GLibcphLyr3ZfRiaLAbwZkIGQFjwEjYoDspwWNfwYVxBt6w/300,2022-12-28 02:15:46,0,0,0,1,3018206481_2650653940_1,2650653940,153,《想念拟人化》孟慧圆 - Nancy吉他弹唱教学教程4k,0,http://mp.weixin.qq.com/s?__biz=MzAxODIwNjQ4MQ==&mid=2650653940&idx=1&sn=362c91af7f1c8e3ddc1be275f5e02eb3&chksm=83d0be8ab4a7379c126f19314e9de82b4fb56164513e9145495402f003676efd5886f4620421#rd,0
https://mmbiz.qpic.cn/mmbiz_jpg/68JxwhxIxE1lDjRycKrK7pm7KRrkC8YAePa6WibWBjewAl2CcaiapGibWYgicY48YiarW1alI34jDuaYJcJAL1t2kNQ/300,2022-11-18 20:17:45,0,0,0,1,3018206481_2650653870_1,2650653870,154,《Not Angry》Chris James - Nancy吉他弹唱教学教程,0,http://mp.weixin.qq.com/s?__biz=MzAxODIwNjQ4MQ==&mid=2650653870&idx=1&sn=346662069c175fffc41d920ffe64124c&chksm=83d0bed0b4a737c6fdd04c56637d9a637e82abbb9e91e0c0412a60631d035b887abc11b69a85#rd,0
https://mmbiz.qpic.cn/mmbiz_jpg/68JxwhxIxE1yCTn6bJgB931LSK71HVibLGyqNa668GI8YeKJOTOJcy03pSC84U1G2dOsat9DJfcWPeicHBgd59bw/300,2022-12-28 02:18:59,0,0,0,1,3018206481_2650653944_1,2650653944,155,《凄美地》郭顶 - Nancy吉他弹唱教学教程4k【吉他谱修订版】,0,http://mp.weixin.qq.com/s?__biz=MzAxODIwNjQ4MQ==&mid=2650653944&idx=1&sn=ebf788c51d37e4b6b7ff57344bbe4f0d&chksm=83d0be86b4a73790cc08d7c342a2a19cb1f7c91b316e9155ed911c7268d04ecf4b0cfd12ba82#rd,0
https://mmbiz.qpic.cn/mmbiz_jpg/68JxwhxIxE3YqHayhaFk74nltb8wy7htGe9Unno9XtqBUXQbFP1LfqFwzpic8dWTtpeE6CJN8ZU1pyp5kwF94GA/300,2023-01-06 19:58:00,0,0,0,1,3018206481_2650653985_1,2650653985,156,《Angel Baby》Troye Sivan - Nancy吉他弹唱教学教程,0,http://mp.weixin.qq.com/s?__biz=MzAxODIwNjQ4MQ==&mid=2650653985&idx=1&sn=484f5900bb36a0a04c5e20c194f18573&chksm=83d0bf5fb4a736492b17ada188280ec84707a5b668889672ae61ead63d22e2cf9c6d195fa7f7#rd,0
https://mmbiz.qpic.cn/mmbiz_jpg/68JxwhxIxE1gggmRBMicSaIJasnL1MtMCcCI57858rLJM3Fs2qiaA5ygvVz5q7qq5tLrviaNRdYeFj8szZ7TMdzJg/300,2023-01-20 19:58:00,0,0,0,1,3018206481_2650654027_1,2650654027,157,《总有一天你会出现在我身边》棱镜乐队 - Nancy吉他弹唱教学教程,0,http://mp.weixin.qq.com/s?__biz=MzAxODIwNjQ4MQ==&mid=2650654027&idx=1&sn=f5955e0e3b4615e8cdf5e39b4472b369&chksm=83d0bf35b4a7362394cfd0853ab09f650d5b4d44d5d2829372f377347d9238991386649390dc#rd,0
https://mmbiz.qpic.cn/mmbiz_jpg/68JxwhxIxE30B7amGV3EJYQJs0XibA9WQOVjYVEBYSMYKxXLWPY757Ca2tnByJXqGch3olVGO4dCZhLicJjtME0A/300,2023-03-01 15:40:15,0,0,0,1,3018206481_2650654076_1,2650654076,158,《少女》赵雷 - Nancy吉他弹唱教学教程（4k弹唱）,0,http://mp.weixin.qq.com/s?__biz=MzAxODIwNjQ4MQ==&mid=2650654076&idx=1&sn=7d4e5c8fed5699209a2587bea0572395&chksm=83d0bf02b4a73614f11049d6152012c50128753b22dd27418e6354cc16a8b4c1276867ef9da9#rd,0
https://mmbiz.qpic.cn/mmbiz_jpg/68JxwhxIxE2M403aDOruFZPDeNBBpYzZeQ8t1xUYt8IcSBnJP2TDy7G7iaeP2Ea1HQ2MmPxyHbG4hEd9cuKv4Nw/300,2023-02-17 20:55:27,0,0,0,1,3018206481_2650654063_1,2650654063,159,《这是我一生中最勇敢的瞬间》棱镜乐队 - Nancy吉他弹唱教学教程,0,http://mp.weixin.qq.com/s?__biz=MzAxODIwNjQ4MQ==&mid=2650654063&idx=1&sn=a052c395866bbe0e33637cc36f9de0aa&chksm=83d0bf11b4a73607c4bbd0a0fed1b0bc837f93debe7697f4a5cd9a0607adad5409a70e3a0119#rd,0
https://mmbiz.qpic.cn/mmbiz_jpg/68JxwhxIxE3F80rs2GYNZsEbdnsUGsibibIOdIIGB0LgAj0C6XV1Go8BxbLNmS1ez3K75O70rDDCeia02NWiboT2Hg/300,2023-03-03 19:58:00,0,0,0,1,3018206481_2650654094_1,2650654094,160,《面会菜》林生祥 大佛普拉斯 插曲- Nancy吉他弹唱教学教程,0,http://mp.weixin.qq.com/s?__biz=MzAxODIwNjQ4MQ==&mid=2650654094&idx=1&sn=095cda711902be5f4aa88cf466509df7&chksm=83d0bff0b4a736e6a4f80d638900c036d3f6330fb20f642e293952d8f6d3fbda7132e5b11657#rd,0
https://mmbiz.qpic.cn/mmbiz_jpg/68JxwhxIxE0kxU3RTBwlqUe1Xft6HZCED7iaqrHNn5jtYhsds3SH91xKAGenEV7NXRU7yrnkIICplZwibKbAAticw/300,2023-03-10 19:55:26,0,0,0,1,3018206481_2650654111_1,2650654111,161,《我记得》赵雷 - Nancy吉他弹唱教学教程,0,http://mp.weixin.qq.com/s?__biz=MzAxODIwNjQ4MQ==&mid=2650654111&idx=1&sn=3691958b24375469dc9d2ef50a9b2518&chksm=83d0bfe1b4a736f7f8cd66c37e63f63cb6ac4672d6abecc8c7ce5a10b9f283e346b9612bd94c#rd,0
https://mmbiz.qpic.cn/mmbiz_jpg/68JxwhxIxE0o3Rb1HSjOicTCQqWBr3RM4544Nev6sBPlopTZxum8icLB06DISeaLOM6zXTxcwH5AXqpXM5xHR1mQ/300,2023-03-31 20:40:49,0,0,0,1,3018206481_2650654315_1,2650654315,162,《保留》郭顶- Nancy吉他弹唱教学教程,0,http://mp.weixin.qq.com/s?__biz=MzAxODIwNjQ4MQ==&mid=2650654315&idx=1&sn=d9d7050cf0afc50c2597232bf85cf63d&chksm=83d0bc15b4a73503fd19197fe1f732ba70d5c4724813159a4a450fc6d376aded924b86a4bf6e#rd,0
https://mmbiz.qpic.cn/mmbiz_jpg/68JxwhxIxE2uCPkmk0ZkEDRtuRU9eRwpPXMO4HjodJ2SNAk0MhP4mjm6jKdhibicWiaE4qxqDUN6KVsWHzkavPp8g/300,2023-04-14 19:59:46,0,0,0,1,3018206481_2650654345_1,2650654345,163,《虚拟》陈粒- Nancy吉他弹唱教学教程,0,http://mp.weixin.qq.com/s?__biz=MzAxODIwNjQ4MQ==&mid=2650654345&idx=1&sn=49770235032d28e99b05dc8140bcd2ae&chksm=83d0bcf7b4a735e155a7eccf4b5ad8e037566af9f3c809a4822056975e9f06b74cf1e1f17fc8#rd,0
https://mmbiz.qpic.cn/mmbiz_jpg/68JxwhxIxE1wpxyRibJgoXrNgAh0ZLLEdtneQthXdAiaicLBQeqAIeKibtVBY3jY8ia4dYCNb5SyPgTyGHy21Fz4Wvg/300,2023-05-05 20:59:55,0,0,0,1,3018206481_2650654375_1,2650654375,164,《Keep Driving》Harry Styles- Nancy吉他弹唱教学教程,0,http://mp.weixin.qq.com/s?__biz=MzAxODIwNjQ4MQ==&mid=2650654375&idx=1&sn=25880ed7614360abd9e9b3c61933fc60&chksm=83d0bcd9b4a735cf379a7cc57fa7f71301c1ce5f3a85fc567305483ca632e5e62928a96b2886#rd,0
https://mmbiz.qpic.cn/mmbiz_jpg/68JxwhxIxE0watkUuqqc78eVbibelFu5VHUtDNlM22M9XtdmuzwwcXPGa7Cl46JfnUYaG1zWEugDQYbopicfEtlw/300,2023-05-19 20:37:00,0,0,0,1,3018206481_2650654421_1,2650654421,165,《180度》孙燕姿- Nancy吉他弹唱教学教程,0,http://mp.weixin.qq.com/s?__biz=MzAxODIwNjQ4MQ==&mid=2650654421&idx=1&sn=0bb2b2b9b3fc638e19d22323ddfcc515&chksm=83d0bcabb4a735bdc89ad3e736d1e18c3b55f85c72b9e2129d2203197703ff4ba0336d54a86e#rd,0
https://mmbiz.qpic.cn/mmbiz_jpg/68JxwhxIxE0S6U9MVnX4cgGELXWCNOqbYSkiaZR8bonrjroRRlO7v8iatjZ0cibupYYBxpf0Y5yibIuoKbsiaEicFkCQ/300,2023-06-02 20:20:04,0,0,0,1,3018206481_2650654444_1,2650654444,166,《王招君》任素汐- Nancy吉他弹唱教学教程,0,http://mp.weixin.qq.com/s?__biz=MzAxODIwNjQ4MQ==&mid=2650654444&idx=1&sn=53f8184ed9651f5f2b27e902cbb77394&chksm=83d0bc92b4a73584f05f0033d9c6f37fae0564620810301f4bc647b121b57f8bab2046747ef1#rd,0
https://mmbiz.qpic.cn/mmbiz_jpg/68JxwhxIxE3Q7m4tFRJdglyic3xYeAWszFVMT8iaY7Np3kibWCZEVl5lNKhDOf4CheGVf3pibB6n8FTQf0xDT3CHhQ/300,2023-06-16 19:57:00,0,0,0,1,3018206481_2650654478_1,2650654478,167,《生活在别处》陈婧霏- Nancy吉他弹唱教学教程,0,http://mp.weixin.qq.com/s?__biz=MzAxODIwNjQ4MQ==&mid=2650654478&idx=1&sn=ee0ca01537b1ec4cbde463b97096eb9d&chksm=83d0bd70b4a73466e58d8dd2709db781e4cdcbc171ef4f9480ddba1605c2ca192bd18fcd8b09#rd,0
https://mmbiz.qpic.cn/mmbiz_jpg/68JxwhxIxE2uQFudugfV3ycSqmX9zQ5IR9sR6ltae99ShSuHajHwZbHWMC8J2icXhkgHohtMmLqEHNWKHCSuLYA/300,2023-06-30 19:58:00,0,0,0,1,3018206481_2650654550_1,2650654550,168,GALA《骊歌》全网最简单？超高还原度！ Nancy吉他弹唱教学教程,0,http://mp.weixin.qq.com/s?__biz=MzAxODIwNjQ4MQ==&mid=2650654550&idx=1&sn=aa65d858042bc2f0c1b62f9a77c105cd&chksm=83d0bd28b4a7343ec72d480b7e182f7d30b9e4835c5fdfa078b7dd774096a3dae8a576d5c4b9#rd,0
https://mmbiz.qpic.cn/mmbiz_jpg/68JxwhxIxE2DicPKp94mAtMIC3INFjicQayiacQs78vpexicapAISxjUDRLK1so6QUKJ59Dd4d2vkQSicxf8ItfPZKg/300,2023-07-14 22:36:06,0,0,0,1,3018206481_2650654599_1,2650654599,169,告五人《我想要占据你》- Nancy吉他弹唱教学教程,0,http://mp.weixin.qq.com/s?__biz=MzAxODIwNjQ4MQ==&mid=2650654599&idx=1&sn=2bd1c88738ee830bd1ba8c6800af48b3&chksm=83d0bdf9b4a734ef491cb61736e0e85a6d5bbdcbca0c78077bb48ec29af96204fbfffc681102#rd,0
https://mmbiz.qpic.cn/mmbiz_jpg/68JxwhxIxE0zmg8tUjSP8ic06FlFb5mTicovdhM5xI09suKia943YianxJvccaxH4DGXWF4qskuMRUeWNdTtk5qvew/300,2023-08-11 22:39:41,0,0,0,1,3018206481_2650654630_1,2650654630,170,伍佰《再度重相逢》- Nancy吉他弹唱教学教程,0,http://mp.weixin.qq.com/s?__biz=MzAxODIwNjQ4MQ==&mid=2650654630&idx=1&sn=b636e7340de98e385cc1881321d7ec22&chksm=83d0bdd8b4a734ceefd2eb6cfe089521dbc64ea176b7c6987bae4b4453daa384f229ce815595#rd,0
https://mmbiz.qpic.cn/mmbiz_jpg/68JxwhxIxE0ibZQI6QJ6sqnPpngnNQA1qcBPT9X9bBp8jDot95TSSYoy3t6H4zlHgcxlZKmIlAZribC8YHTOlV6w/300,2023-08-25 19:58:00,0,0,0,1,3018206481_2650654653_1,2650654653,171,《我们羞于表达的感情》新裤子/大张伟- Nancy吉他弹唱教学教程,0,http://mp.weixin.qq.com/s?__biz=MzAxODIwNjQ4MQ==&mid=2650654653&idx=1&sn=dbf20ff5f12a61392032cb4d6bd596a5&chksm=83d0bdc3b4a734d549e8d6d9e25cf89512fa0a5345c8104515af7d293cb00696b7ded93692d1#rd,0
https://mmbiz.qpic.cn/mmbiz_jpg/68JxwhxIxE1AZn0e40YPd0lic0hpibHh1ZW5anAicA6XBHUDYwjCyMAsLFa0kXezI6MsveEWq7YAWmzndkjeLMxicQ/300,2023-09-01 20:10:55,0,0,0,1,3018206481_2650654664_1,2650654664,172,《静止》花儿乐队- Nancy吉他弹唱教学教程,0,http://mp.weixin.qq.com/s?__biz=MzAxODIwNjQ4MQ==&mid=2650654664&idx=1&sn=49498cecbcd87e5afd02695f237adb21&chksm=83d0bdb6b4a734a0df496b81d19850a48044f563d9399636b3242d008d48d5e2599e68645786#rd,0
https://mmbiz.qpic.cn/mmbiz_jpg/68JxwhxIxE17hGViaUdcicz7AmDuzf111kzDkP9KlLczDeaLDSL0AOgWs6aodZ07q8LWT1KL1U0lnR43MujVEtNQ/300,2023-09-15 19:58:00,0,0,0,1,3018206481_2650654687_1,2650654687,173,《向云端》小霞 / 海洋Bo- Nancy吉他弹唱教学教程,0,http://mp.weixin.qq.com/s?__biz=MzAxODIwNjQ4MQ==&mid=2650654687&idx=1&sn=8b0a6808c24b8153849bcb23b1f47ce5&chksm=83d0bda1b4a734b71aeed1606f74f041c0ecafd4918d82eb0f0b88ccc41723cd5dace0bdc834#rd,0
https://mmbiz.qpic.cn/mmbiz_jpg/68JxwhxIxE1vVAdswJcicwPmmoic87ogChIsh6nl15L99rLbWvCddgHZkjGLFAf2iaUuMGmqBUXkibMIo1o93gCavA/300,2023-09-29 19:58:00,0,0,0,1,3018206481_2650654723_1,2650654723,174,《Fly Me To The Moon》- Nancy吉他弹唱教学教程,0,http://mp.weixin.qq.com/s?__biz=MzAxODIwNjQ4MQ==&mid=2650654723&idx=1&sn=21baddad7dd093c8fd9652d6b186f12f&chksm=83d0b27db4a73b6b43e4b1f00c65163d5b89b4baec1285fe22d39f5b79a11eb694b3da15df40#rd,0
https://mmbiz.qpic.cn/mmbiz_jpg/68JxwhxIxE0URfFY5libOE2oDicNM6rYgibeZOvCnQCSMaNFO7zaaRSQ8NpebElPARSShLs3mgKiaeibavSYHCNNzIA/300,2023-10-20 22:23:52,0,0,0,1,3018206481_2650654795_1,2650654795,175,《在树上唱歌》郭静- Nancy吉他弹唱教学教程,0,http://mp.weixin.qq.com/s?__biz=MzAxODIwNjQ4MQ==&mid=2650654795&idx=1&sn=2481a226af917b28eb4ff5cf5709258f&chksm=83d0b235b4a73b237afc62cd8b8eeb73273c3824d3bf1f91de401bca2f36896616592e65201c#rd,0
https://mmbiz.qpic.cn/mmbiz_jpg/68JxwhxIxE1epxFBicSSX16OMEVXB2bAFxuyf9e2NGtQCN9tic4wMrmj0dganxEbKiaLC5IINk7Y73ec6tR8fDNeQ/300,2023-11-10 20:00:29,0,0,0,1,3018206481_2650654825_1,2650654825,176,《晚安》颜人中 - Nancy吉他弹唱教学教程,0,http://mp.weixin.qq.com/s?__biz=MzAxODIwNjQ4MQ==&mid=2650654825&idx=1&sn=2d5e194366d1d0bfce4c2176965995e8&chksm=83d0b217b4a73b01318d92c833fc9dfc3311460a321f3dacf7804ed5723221371d7dfe429a7e#rd,0
https://mmbiz.qpic.cn/mmbiz_jpg/68JxwhxIxE3pkCtMDL3aOFXdnPVIJ0DQegIbGx2Nj6KTJTxmpEjtsIs1bWVXDLzYeozGj6pwdQBVeLLAicuGfPQ/300,2023-12-01 20:04:43,0,0,0,1,3018206481_2650654864_1,2650654864,177,《他不懂》张杰 - Nancy吉他弹唱教学教程,0,http://mp.weixin.qq.com/s?__biz=MzAxODIwNjQ4MQ==&mid=2650654864&idx=1&sn=94706e206b8cc28d789a0a58f6c03e1c&chksm=83d0b2eeb4a73bf80039083f1bd251df42910adde600917c3687c2826db6292cfc4470e59f2a#rd,0
https://mmbiz.qpic.cn/mmbiz_jpg/68JxwhxIxE20k2JxhXyc6UGiaF0WBZwByNv5QvtHHJ9SvO1M767ms7Vr2EQUcw1299IGCfnZVhRQUJpV9kHbsaA/300,2023-12-15 20:13:46,0,0,0,1,3018206481_2650654897_1,2650654897,178,《秘密》张震岳 - Nancy吉他弹唱教学教程,0,http://mp.weixin.qq.com/s?__biz=MzAxODIwNjQ4MQ==&mid=2650654897&idx=1&sn=ff42a98bd4ae5516bcb70ab8a2e71be0&chksm=83d0b2cfb4a73bd9ace8d1870264ecd55d9c0f4f7df86fdbc38ee17b483d1b5189788e6681ee#rd,0
https://mmbiz.qpic.cn/mmbiz_jpg/68JxwhxIxE0qYvJYPBSWibcicu1Ev1DIujzicOT47PK87sqibRjCFfjOHCsgehrlxKx6ZBrua8sNHWiafPCybSEgfiag/300,2024-01-12 19:59:00,0,0,0,1,3018206481_2650655020_1,2650655020,179,《岁岁》任素汐 - Nancy吉他弹唱教学教程,0,http://mp.weixin.qq.com/s?__biz=MzAxODIwNjQ4MQ==&mid=2650655020&idx=1&sn=2716abeecbcfd9dee872814a0e66bef5&chksm=83d0b352b4a73a44b20cdaeefc0476d39791d25072e468a6af397440a2c70eadf2078a09bbdd#rd,0
https://mmbiz.qpic.cn/mmbiz_jpg/68JxwhxIxE0FAasSeJYb3G0I2WCL1YXHcFFAO8RCxs9UhiaEGpaVAtGgM6usfJk2R2Hwy8URPnNF3YYuGkHXAfw/300,2024-01-26 19:58:00,0,0,0,1,3018206481_2650655066_1,2650655066,180,王菲《执迷不悔》 - Nancy吉他弹唱教学教程,0,http://mp.weixin.qq.com/s?__biz=MzAxODIwNjQ4MQ==&mid=2650655066&idx=1&sn=da0e77ac252fdd1dd41d9ec35957c2f4&chksm=83d0b324b4a73a32464f3ced2502d820724da012d0279419a03b8f8004a4292bc36364b285f5#rd,0
https://mmbiz.qpic.cn/mmbiz_jpg/68JxwhxIxE1u5jQJfRwBibJNg6MRyDPldoliaNlZiavcEBhOyIgwf7rkBCm4yce6p7xSY8vNB5dlr7XzTicDn9iaYGg/300,2024-02-09 19:55:00,0,0,0,1,3018206481_2650655099_1,2650655099,181,《冬天的秘密》周传雄 - Nancy吉他弹唱教学教程,0,http://mp.weixin.qq.com/s?__biz=MzAxODIwNjQ4MQ==&mid=2650655099&idx=1&sn=4d0a2c72b0af2ade5f93ef8a79af0873&chksm=83d0b305b4a73a13dbaa198c0eef2c149b5c65681b9753e52daa0be0047d133ffb7edc191ad7#rd,0
https://mmbiz.qpic.cn/mmbiz_jpg/68JxwhxIxE21aljMGHiaRpJYHjB8nhEF5loOUZLUibVaRp21T4I8GYJqz63WjqrQ8kXun4XXKj3rsP1Mric5JCxvw/300,2024-02-23 19:52:19,0,0,0,1,3018206481_2650655124_1,2650655124,182,《Seven》 Jung Kook - Nancy吉他弹唱教学教程,0,http://mp.weixin.qq.com/s?__biz=MzAxODIwNjQ4MQ==&mid=2650655124&idx=1&sn=a4d4487bc7deeca4f292352f7e78a826&chksm=83d0b3eab4a73afc7f97f6779a6bd0765653029a56b9673977f80a57547c0c0e24adb61270e7#rd,0
https://mmbiz.qpic.cn/mmbiz_jpg/68JxwhxIxE2a3Phe3UKT4Yvp8sEONJ2l38o35o9rTL5LCalAsyYQeiaUNF78ZZu2uF05HU3U7Pg5njAOiabC8D6w/300,2024-03-08 19:58:00,0,0,0,1,3018206481_2650655154_1,2650655154,183,《慢冷》 梁静茹 - Nancy吉他弹唱教学教程,0,http://mp.weixin.qq.com/s?__biz=MzAxODIwNjQ4MQ==&mid=2650655154&idx=1&sn=f732f8cbbc74517bd5c7195ae1c75fae&chksm=83d0b3ccb4a73adacbcd12ed156767760d95570299ec910dd9659a0291bca8f0293123142041#rd,0
https://mmbiz.qpic.cn/mmbiz_jpg/68JxwhxIxE2nmicX05lWcS7jwIqFsQ76UnL9lMLFiabibyPwPD2kMJ9pR1EueCUKHckdyUqy4vDDoCSBYsYZUHREQ/300,2024-03-22 19:58:00,0,0,0,1,3018206481_2650655180_1,2650655180,184,《鲜花 》回春丹乐队 - Nancy吉他弹唱教学教程,0,http://mp.weixin.qq.com/s?__biz=MzAxODIwNjQ4MQ==&mid=2650655180&idx=1&sn=3fb703ab21b46c65e4c3e4732a6a8611&chksm=83d0b3b2b4a73aa4f73b92da0235a096fb5764e3cff763fda1b62376bab9802ab6ee3f8a77d0#rd,0
https://mmbiz.qpic.cn/mmbiz_jpg/68JxwhxIxE0lcwmVKmqdhUoYAYWjB2SzFXz2KoEx5ic2OC09gnzGFQut3D15icZkOesfVHtb99PoLNSAbaCFUKbQ/300,2024-04-05 19:59:00,0,0,0,1,3018206481_2650655206_1,2650655206,185,《江南 》林俊杰 - Nancy吉他弹唱教学教程,0,http://mp.weixin.qq.com/s?__biz=MzAxODIwNjQ4MQ==&mid=2650655206&idx=1&sn=dfda8568d3c65cd6eb0505a4c51cfcb9&chksm=83d0b398b4a73a8e4a7761fa0282630487521bf6a1f0f7b98a988630395e54394980940f0ee9#rd,0
https://mmbiz.qpic.cn/mmbiz_jpg/68JxwhxIxE1X74gYbB33qRUgJCOFTbGtfRVbkqiaXH9AGd2f3BrPsetPKMNE55ZtibZmr8c6qnqpPUlTZicEdYbEQ/300,2024-04-27 20:00:00,0,0,0,1,3018206481_2650655272_1,2650655272,186,《直到你降临》阿肆 - Nancy吉他弹唱教学教程,0,http://mp.weixin.qq.com/s?__biz=MzAxODIwNjQ4MQ==&mid=2650655272&idx=1&sn=cc481c78f71a9358011b53ce3cd23562&chksm=83d0b056b4a73940be44f1daa2fd32f915b84f8a20d6caf8c526c5c2a0548cdc8af7dc4122e9#rd,0
https://mmbiz.qpic.cn/mmbiz_jpg/68JxwhxIxE1gvHlfHMtaicA502wCIPibMLhkLshfszZXCBUT253lhDkeicpsfoMicicGxgcLLGSJIahVrJo03NcSz6w/300,2024-05-10 19:55:00,0,0,0,1,3018206481_2650655296_1,2650655296,187,《天天》陶喆 - Nancy吉他弹唱教学教程,0,http://mp.weixin.qq.com/s?__biz=MzAxODIwNjQ4MQ==&mid=2650655296&idx=1&sn=142ce71c84d058606a3f0a32e4d7b1c5&chksm=83d0b03eb4a739285ea96dd42aa90d576b9bb4fceeb8db6b1dbe775cc2cd9d002d8f583809ef#rd,0